id,sender_id,recipient_id,vendor_id,procurement_request_id,purchase_order_id,subject,message,attachment_name,attachment_url,is_read,created_at
1,1,5,1,,,Delivery Schedule Confirmation,"Dear Acme Industrial Supplies, this is an automated communication regarding your enterprise service tier and procurement deliverables.",,,0,2026-09-24 13:24:10.346349
2,1,5,1,,,Quality Assurance Inspection Report,"Dear Acme Industrial Supplies, this is an automated communication regarding your enterprise service tier and procurement deliverables.",,,0,2026-09-23 13:24:10.346349
3,1,5,1,,,RFQ Update for Next Quarter,"Dear Acme Industrial Supplies, this is an automated communication regarding your enterprise service tier and procurement deliverables.",,,0,2026-08-26 13:24:10.346349
4,1,5,1,,,Contract Renewal Terms Discussion,"Dear Acme Industrial Supplies, this is an automated communication regarding your enterprise service tier and procurement deliverables.",,,1,2026-09-19 13:24:10.346349
5,1,5,1,,,Invoice Discrepancy Clarification,"Dear Acme Industrial Supplies, this is an automated communication regarding your enterprise service tier and procurement deliverables.",,,1,2026-08-27 13:24:10.346349
6,1,,2,,,Quality Assurance Inspection Report,"Dear Apex Semiconductor Tech, this is an automated communication regarding your enterprise service tier and procurement deliverables.",,,1,2026-08-30 13:24:10.346349
7,1,,2,,,RFQ Update for Next Quarter,"Dear Apex Semiconductor Tech, this is an automated communication regarding your enterprise service tier and procurement deliverables.",,,0,2026-09-22 13:24:10.346349
8,1,,3,,,RFQ Update for Next Quarter,"Dear Global Cargo Express, this is an automated communication regarding your enterprise service tier and procurement deliverables.",,,0,2026-09-05 13:24:10.346349
9,1,,3,,,Contract Renewal Terms Discussion,"Dear Global Cargo Express, this is an automated communication regarding your enterprise service tier and procurement deliverables.",,,0,2026-08-22 13:24:10.346349
10,1,,3,,,Invoice Discrepancy Clarification,"Dear Global Cargo Express, this is an automated communication regarding your enterprise service tier and procurement deliverables.",,,1,2026-09-22 13:24:10.346349
11,1,,3,,,SLA Performance Review Follow-up,"Dear Global Cargo Express, this is an automated communication regarding your enterprise service tier and procurement deliverables.",,,1,2026-08-15 13:24:10.346349
12,1,,3,,,Emergency Capacity Verification,"Dear Global Cargo Express, this is an automated communication regarding your enterprise service tier and procurement deliverables.",,,1,2026-09-08 13:24:10.346349
13,1,,4,,,Contract Renewal Terms Discussion,"Dear Titan Heavy Machining, this is an automated communication regarding your enterprise service tier and procurement deliverables.",,,1,2026-09-10 13:24:10.346349
14,1,,4,,,Invoice Discrepancy Clarification,"Dear Titan Heavy Machining, this is an automated communication regarding your enterprise service tier and procurement deliverables.",,,1,2026-09-10 13:24:10.346349
15,1,,4,,,SLA Performance Review Follow-up,"Dear Titan Heavy Machining, this is an automated communication regarding your enterprise service tier and procurement deliverables.",,,1,2026-09-06 13:24:10.346349
16,1,,4,,,Emergency Capacity Verification,"Dear Titan Heavy Machining, this is an automated communication regarding your enterprise service tier and procurement deliverables.",,,0,2026-09-20 13:24:10.346349
17,1,7,5,,,Invoice Discrepancy Clarification,"Dear Precision Optics Rep, this is an automated communication regarding your enterprise service tier and procurement deliverables.",,,0,2026-08-14 13:24:10.346349
18,1,7,5,,,SLA Performance Review Follow-up,"Dear Precision Optics Rep, this is an automated communication regarding your enterprise service tier and procurement deliverables.",,,0,2026-09-01 13:24:10.346349
19,1,8,6,,,SLA Performance Review Follow-up,"Dear Advanced Optics Rep, this is an automated communication regarding your enterprise service tier and procurement deliverables.",,,1,2026-08-30 13:24:10.346349
20,1,8,6,,,Emergency Capacity Verification,"Dear Advanced Optics Rep, this is an automated communication regarding your enterprise service tier and procurement deliverables.",,,1,2026-09-10 13:24:10.346349
21,1,9,7,,,Emergency Capacity Verification,"Dear Advanced Optics Rep, this is an automated communication regarding your enterprise service tier and procurement deliverables.",,,0,2026-09-19 13:24:10.346349
22,1,9,7,,,Material Compliance Certification,"Dear Advanced Optics Rep, this is an automated communication regarding your enterprise service tier and procurement deliverables.",,,0,2026-09-20 13:24:10.346349
23,1,9,7,,,Delivery Schedule Confirmation,"Dear Advanced Optics Rep, this is an automated communication regarding your enterprise service tier and procurement deliverables.",,,1,2026-08-26 13:24:10.346349
24,1,9,7,,,Quality Assurance Inspection Report,"Dear Advanced Optics Rep, this is an automated communication regarding your enterprise service tier and procurement deliverables.",,,1,2026-09-03 13:24:10.346349
25,1,9,7,,,RFQ Update for Next Quarter,"Dear Advanced Optics Rep, this is an automated communication regarding your enterprise service tier and procurement deliverables.",,,1,2026-09-11 13:24:10.346349
26,1,10,8,,,Material Compliance Certification,"Dear Advanced Optics Rep, this is an automated communication regarding your enterprise service tier and procurement deliverables.",,,0,2026-09-23 13:24:10.346349
27,1,10,8,,,Delivery Schedule Confirmation,"Dear Advanced Optics Rep, this is an automated communication regarding your enterprise service tier and procurement deliverables.",,,0,2026-08-13 13:24:10.346349
28,1,10,8,,,Quality Assurance Inspection Report,"Dear Advanced Optics Rep, this is an automated communication regarding your enterprise service tier and procurement deliverables.",,,0,2026-09-18 13:24:10.346349
29,1,10,8,,,RFQ Update for Next Quarter,"Dear Advanced Optics Rep, this is an automated communication regarding your enterprise service tier and procurement deliverables.",,,0,2026-08-28 13:24:10.346349
30,1,10,8,,,Contract Renewal Terms Discussion,"Dear Advanced Optics Rep, this is an automated communication regarding your enterprise service tier and procurement deliverables.",,,0,2026-08-19 13:24:10.346349
31,1,11,9,,,Delivery Schedule Confirmation,"Dear Advanced Optics Rep, this is an automated communication regarding your enterprise service tier and procurement deliverables.",,,1,2026-09-06 13:24:10.346349
32,1,11,9,,,Quality Assurance Inspection Report,"Dear Advanced Optics Rep, this is an automated communication regarding your enterprise service tier and procurement deliverables.",,,0,2026-08-18 13:24:10.346349
33,1,11,9,,,RFQ Update for Next Quarter,"Dear Advanced Optics Rep, this is an automated communication regarding your enterprise service tier and procurement deliverables.",,,1,2026-09-24 13:24:10.346349
34,1,11,9,,,Contract Renewal Terms Discussion,"Dear Advanced Optics Rep, this is an automated communication regarding your enterprise service tier and procurement deliverables.",,,1,2026-09-16 13:24:10.346349
35,1,12,10,,,Quality Assurance Inspection Report,"Dear Advanced Optics Rep, this is an automated communication regarding your enterprise service tier and procurement deliverables.",,,1,2026-08-28 13:24:10.346349
36,1,12,10,,,RFQ Update for Next Quarter,"Dear Advanced Optics Rep, this is an automated communication regarding your enterprise service tier and procurement deliverables.",,,1,2026-08-15 13:24:10.346349
37,1,12,10,,,Contract Renewal Terms Discussion,"Dear Advanced Optics Rep, this is an automated communication regarding your enterprise service tier and procurement deliverables.",,,0,2026-08-21 13:24:10.346349
38,1,12,10,,,Invoice Discrepancy Clarification,"Dear Advanced Optics Rep, this is an automated communication regarding your enterprise service tier and procurement deliverables.",,,0,2026-09-01 13:24:10.346349
39,1,12,10,,,SLA Performance Review Follow-up,"Dear Advanced Optics Rep, this is an automated communication regarding your enterprise service tier and procurement deliverables.",,,0,2026-09-18 13:24:10.346349
40,1,13,11,,,RFQ Update for Next Quarter,"Dear Advanced Optics Rep, this is an automated communication regarding your enterprise service tier and procurement deliverables.",,,0,2026-08-13 13:24:10.346349
41,1,13,11,,,Contract Renewal Terms Discussion,"Dear Advanced Optics Rep, this is an automated communication regarding your enterprise service tier and procurement deliverables.",,,1,2026-09-21 13:24:10.346349
42,1,13,11,,,Invoice Discrepancy Clarification,"Dear Advanced Optics Rep, this is an automated communication regarding your enterprise service tier and procurement deliverables.",,,0,2026-08-20 13:24:10.346349
43,1,14,12,,,Contract Renewal Terms Discussion,"Dear Advanced Optics Rep, this is an automated communication regarding your enterprise service tier and procurement deliverables.",,,0,2026-09-21 13:24:10.346349
44,1,14,12,,,Invoice Discrepancy Clarification,"Dear Advanced Optics Rep, this is an automated communication regarding your enterprise service tier and procurement deliverables.",,,0,2026-09-06 13:24:10.346349
45,1,14,12,,,SLA Performance Review Follow-up,"Dear Advanced Optics Rep, this is an automated communication regarding your enterprise service tier and procurement deliverables.",,,1,2026-08-30 13:24:10.346349
46,1,14,12,,,Emergency Capacity Verification,"Dear Advanced Optics Rep, this is an automated communication regarding your enterprise service tier and procurement deliverables.",,,1,2026-08-16 13:24:10.346349
47,1,14,12,,,Material Compliance Certification,"Dear Advanced Optics Rep, this is an automated communication regarding your enterprise service tier and procurement deliverables.",,,0,2026-08-21 13:24:10.346349
48,1,15,13,,,Invoice Discrepancy Clarification,"Dear Advanced Optics Rep, this is an automated communication regarding your enterprise service tier and procurement deliverables.",,,1,2026-08-14 13:24:10.346349
49,1,15,13,,,SLA Performance Review Follow-up,"Dear Advanced Optics Rep, this is an automated communication regarding your enterprise service tier and procurement deliverables.",,,0,2026-09-12 13:24:10.346349
50,1,15,13,,,Emergency Capacity Verification,"Dear Advanced Optics Rep, this is an automated communication regarding your enterprise service tier and procurement deliverables.",,,0,2026-09-06 13:24:10.346349
51,1,16,14,,,SLA Performance Review Follow-up,"Dear Advanced Optics Rep, this is an automated communication regarding your enterprise service tier and procurement deliverables.",,,0,2026-08-14 13:24:10.346349
52,1,16,14,,,Emergency Capacity Verification,"Dear Advanced Optics Rep, this is an automated communication regarding your enterprise service tier and procurement deliverables.",,,0,2026-09-24 13:24:10.346349
53,1,16,14,,,Material Compliance Certification,"Dear Advanced Optics Rep, this is an automated communication regarding your enterprise service tier and procurement deliverables.",,,0,2026-09-23 13:24:10.346349
54,1,16,14,,,Delivery Schedule Confirmation,"Dear Advanced Optics Rep, this is an automated communication regarding your enterprise service tier and procurement deliverables.",,,1,2026-08-13 13:24:10.346349
55,1,17,15,,,Emergency Capacity Verification,"Dear Manikanta, this is an automated communication regarding your enterprise service tier and procurement deliverables.",,,0,2026-09-18 13:24:10.346349
56,1,17,15,,,Material Compliance Certification,"Dear Manikanta, this is an automated communication regarding your enterprise service tier and procurement deliverables.",,,1,2026-09-21 13:24:10.346349
57,1,17,15,,,Delivery Schedule Confirmation,"Dear Manikanta, this is an automated communication regarding your enterprise service tier and procurement deliverables.",,,1,2026-09-22 13:24:10.346349
58,1,17,15,,,Quality Assurance Inspection Report,"Dear Manikanta, this is an automated communication regarding your enterprise service tier and procurement deliverables.",,,1,2026-09-25 13:24:10.346349
59,1,17,15,,,RFQ Update for Next Quarter,"Dear Manikanta, this is an automated communication regarding your enterprise service tier and procurement deliverables.",,,1,2026-09-19 13:24:10.346349
60,1,5,16,,,Material Compliance Certification,"Dear ABC Technologies, this is an automated communication regarding your enterprise service tier and procurement deliverables.",,,0,2026-09-15 13:24:10.346349
61,1,5,16,,,Delivery Schedule Confirmation,"Dear ABC Technologies, this is an automated communication regarding your enterprise service tier and procurement deliverables.",,,0,2026-08-16 13:24:10.346349
62,1,5,16,,,Quality Assurance Inspection Report,"Dear ABC Technologies, this is an automated communication regarding your enterprise service tier and procurement deliverables.",,,0,2026-09-01 13:24:10.346349
63,1,,17,,,Delivery Schedule Confirmation,"Dear Digital Systems Inc, this is an automated communication regarding your enterprise service tier and procurement deliverables.",,,1,2026-09-03 13:24:10.346349
64,1,,17,,,Quality Assurance Inspection Report,"Dear Digital Systems Inc, this is an automated communication regarding your enterprise service tier and procurement deliverables.",,,0,2026-08-18 13:24:10.346349
65,1,,17,,,RFQ Update for Next Quarter,"Dear Digital Systems Inc, this is an automated communication regarding your enterprise service tier and procurement deliverables.",,,0,2026-09-09 13:24:10.346349
66,1,,17,,,Contract Renewal Terms Discussion,"Dear Digital Systems Inc, this is an automated communication regarding your enterprise service tier and procurement deliverables.",,,0,2026-09-21 13:24:10.346349
67,1,,18,,,Quality Assurance Inspection Report,"Dear Computer World Tech, this is an automated communication regarding your enterprise service tier and procurement deliverables.",,,0,2026-09-03 13:24:10.346349
68,1,,18,,,RFQ Update for Next Quarter,"Dear Computer World Tech, this is an automated communication regarding your enterprise service tier and procurement deliverables.",,,1,2026-08-25 13:24:10.346349
69,1,,18,,,Contract Renewal Terms Discussion,"Dear Computer World Tech, this is an automated communication regarding your enterprise service tier and procurement deliverables.",,,0,2026-09-18 13:24:10.346349
70,1,,18,,,Invoice Discrepancy Clarification,"Dear Computer World Tech, this is an automated communication regarding your enterprise service tier and procurement deliverables.",,,0,2026-08-27 13:24:10.346349
71,1,,19,,,RFQ Update for Next Quarter,"Dear TechDistro Global, this is an automated communication regarding your enterprise service tier and procurement deliverables.",,,1,2026-09-06 13:24:10.346349
72,1,,19,,,Contract Renewal Terms Discussion,"Dear TechDistro Global, this is an automated communication regarding your enterprise service tier and procurement deliverables.",,,0,2026-08-12 13:24:10.346349
73,1,,19,,,Invoice Discrepancy Clarification,"Dear TechDistro Global, this is an automated communication regarding your enterprise service tier and procurement deliverables.",,,1,2026-09-22 13:24:10.346349
74,1,,19,,,SLA Performance Review Follow-up,"Dear TechDistro Global, this is an automated communication regarding your enterprise service tier and procurement deliverables.",,,0,2026-09-07 13:24:10.346349
75,1,,20,,,Contract Renewal Terms Discussion,"Dear Sri Industrial Materials, this is an automated communication regarding your enterprise service tier and procurement deliverables.",,,0,2026-09-10 13:24:10.346349
76,1,,20,,,Invoice Discrepancy Clarification,"Dear Sri Industrial Materials, this is an automated communication regarding your enterprise service tier and procurement deliverables.",,,1,2026-09-25 13:24:10.346349
77,1,,21,,,Invoice Discrepancy Clarification,"Dear Apex Facility & IT Maintenance, this is an automated communication regarding your enterprise service tier and procurement deliverables.",,,1,2026-09-12 13:24:10.346349
78,1,,21,,,SLA Performance Review Follow-up,"Dear Apex Facility & IT Maintenance, this is an automated communication regarding your enterprise service tier and procurement deliverables.",,,1,2026-08-29 13:24:10.346349
79,1,,21,,,Emergency Capacity Verification,"Dear Apex Facility & IT Maintenance, this is an automated communication regarding your enterprise service tier and procurement deliverables.",,,1,2026-08-20 13:24:10.346349
80,1,,21,,,Material Compliance Certification,"Dear Apex Facility & IT Maintenance, this is an automated communication regarding your enterprise service tier and procurement deliverables.",,,1,2026-08-25 13:24:10.346349
81,1,,21,,,Delivery Schedule Confirmation,"Dear Apex Facility & IT Maintenance, this is an automated communication regarding your enterprise service tier and procurement deliverables.",,,0,2026-09-05 13:24:10.346349
82,1,,22,,,SLA Performance Review Follow-up,"Dear FastMove Logistics Freight, this is an automated communication regarding your enterprise service tier and procurement deliverables.",,,0,2026-09-14 13:24:10.346349
83,1,,22,,,Emergency Capacity Verification,"Dear FastMove Logistics Freight, this is an automated communication regarding your enterprise service tier and procurement deliverables.",,,0,2026-08-15 13:24:10.346349
84,1,,22,,,Material Compliance Certification,"Dear FastMove Logistics Freight, this is an automated communication regarding your enterprise service tier and procurement deliverables.",,,1,2026-08-21 13:24:10.346349
85,1,,23,,,Emergency Capacity Verification,"Dear Metro Office Solutions, this is an automated communication regarding your enterprise service tier and procurement deliverables.",,,1,2026-09-23 13:24:10.346349
86,1,,23,,,Material Compliance Certification,"Dear Metro Office Solutions, this is an automated communication regarding your enterprise service tier and procurement deliverables.",,,0,2026-08-13 13:24:10.346349
87,1,,23,,,Delivery Schedule Confirmation,"Dear Metro Office Solutions, this is an automated communication regarding your enterprise service tier and procurement deliverables.",,,1,2026-09-16 13:24:10.346349
88,1,,23,,,Quality Assurance Inspection Report,"Dear Metro Office Solutions, this is an automated communication regarding your enterprise service tier and procurement deliverables.",,,1,2026-09-02 13:24:10.346349
89,1,18,24,,,Material Compliance Certification,"Dear yashwanth, this is an automated communication regarding your enterprise service tier and procurement deliverables.",,,0,2026-08-26 13:24:10.346349
90,1,18,24,,,Delivery Schedule Confirmation,"Dear yashwanth, this is an automated communication regarding your enterprise service tier and procurement deliverables.",,,0,2026-09-08 13:24:10.346349
91,1,19,25,,,Delivery Schedule Confirmation,"Dear prabhas, this is an automated communication regarding your enterprise service tier and procurement deliverables.",,,1,2026-09-22 13:24:10.346349
92,1,19,25,,,Quality Assurance Inspection Report,"Dear prabhas, this is an automated communication regarding your enterprise service tier and procurement deliverables.",,,0,2026-08-17 13:24:10.346349
93,1,19,25,,,RFQ Update for Next Quarter,"Dear prabhas, this is an automated communication regarding your enterprise service tier and procurement deliverables.",,,0,2026-08-15 13:24:10.346349
94,1,19,25,,,Contract Renewal Terms Discussion,"Dear prabhas, this is an automated communication regarding your enterprise service tier and procurement deliverables.",,,0,2026-08-22 13:24:10.346349
95,1,19,25,,,Invoice Discrepancy Clarification,"Dear prabhas, this is an automated communication regarding your enterprise service tier and procurement deliverables.",,,1,2026-09-14 13:24:10.346349
