id,contract_number,title,vendor_id,start_date,expiry_date,renewal_terms,status,compliance_status,document_url,document_name,contract_value,created_by_id,created_at,updated_at,blockchain_status,blockchain_tx_hash,blockchain_confirmed_at
1,CNT-2026-0001,Enterprise Supply Agreement - Acme Industrial Supplies,1,2025-07-29 13:24:10.346349,2027-01-29 13:24:10.346349,Annual review with 30-day renewal notice,Active,Compliant,,,5220152.0,1,2026-09-26 13:24:10.353084,2026-09-26 13:24:10.353087,PENDING,,
2,CNT-2026-0002,Enterprise Supply Agreement - Apex Semiconductor Tech,2,2025-12-28 13:24:10.346349,2027-09-01 13:24:10.346349,Annual review with 30-day renewal notice,Active,Compliant,,,1925771.0,1,2026-09-26 13:24:10.353089,2026-09-26 13:24:10.353090,PENDING,,
3,CNT-2026-0003,Enterprise Supply Agreement - Global Cargo Express,3,2025-09-02 13:24:10.346349,2027-07-19 13:24:10.346349,Annual review with 30-day renewal notice,Active,Compliant,,,10305571.0,1,2026-09-26 13:24:10.353091,2026-09-26 13:24:10.353092,PENDING,,
4,CNT-2026-0004,Enterprise Supply Agreement - Titan Heavy Machining,4,2025-09-09 13:24:10.346349,2026-10-08 13:24:10.346349,Annual review with 30-day renewal notice,Expiring Soon,Minor Issues,,,1854915.0,1,2026-09-26 13:24:10.353093,2026-09-26 13:24:10.353094,PENDING,,
5,CNT-2026-0005,Enterprise Supply Agreement - Precision Optics Rep,5,2025-11-20 13:24:10.346349,2027-09-18 13:24:10.346349,Annual review with 30-day renewal notice,Under Renewal,Major Issues,,,5924284.0,1,2026-09-26 13:24:10.353095,2026-09-26 13:24:10.353095,PENDING,,
6,CNT-2026-0006,Enterprise Supply Agreement - Advanced Optics Rep,6,2026-01-02 13:24:10.346349,2026-08-24 13:24:10.346349,Annual review with 30-day renewal notice,Expired,Compliant,,,9464383.0,1,2026-09-26 13:24:10.353096,2026-09-26 13:24:10.353097,PENDING,,
7,CNT-2026-0007,Enterprise Supply Agreement - Advanced Optics Rep,7,2026-03-23 13:24:10.346349,2027-02-09 13:24:10.346349,Annual review with 30-day renewal notice,Active,Compliant,,,5626278.0,1,2026-09-26 13:24:10.353098,2026-09-26 13:24:10.353099,PENDING,,
8,CNT-2026-0008,Enterprise Supply Agreement - Advanced Optics Rep,8,2025-11-05 13:24:10.346349,2027-02-20 13:24:10.346349,Annual review with 30-day renewal notice,Active,Compliant,,,11280591.0,1,2026-09-26 13:24:10.353099,2026-09-26 13:24:10.353100,PENDING,,
9,CNT-2026-0009,Enterprise Supply Agreement - Advanced Optics Rep,9,2025-07-22 13:24:10.346349,2027-07-14 13:24:10.346349,Annual review with 30-day renewal notice,Active,Minor Issues,,,3583944.0,1,2026-09-26 13:24:10.353101,2026-09-26 13:24:10.353102,PENDING,,
10,CNT-2026-0010,Enterprise Supply Agreement - Advanced Optics Rep,10,2025-08-21 13:24:10.346349,2026-10-10 13:24:10.346349,Annual review with 30-day renewal notice,Expiring Soon,Major Issues,,,5881499.0,1,2026-09-26 13:24:10.353103,2026-09-26 13:24:10.353104,PENDING,,
11,CNT-2026-0011,Enterprise Supply Agreement - Advanced Optics Rep,11,2025-09-17 13:24:10.346349,2027-08-02 13:24:10.346349,Annual review with 30-day renewal notice,Under Renewal,Compliant,,,11726606.0,1,2026-09-26 13:24:10.353105,2026-09-26 13:24:10.353105,PENDING,,
12,CNT-2026-0012,Enterprise Supply Agreement - Advanced Optics Rep,12,2026-01-10 13:24:10.346349,2026-08-30 13:24:10.346349,Annual review with 30-day renewal notice,Expired,Compliant,,,6610490.0,1,2026-09-26 13:24:10.353106,2026-09-26 13:24:10.353107,PENDING,,
13,CNT-2026-0013,Enterprise Supply Agreement - Advanced Optics Rep,13,2025-08-30 13:24:10.346349,2027-09-14 13:24:10.346349,Annual review with 30-day renewal notice,Active,Compliant,,,4695256.0,1,2026-09-26 13:24:10.353108,2026-09-26 13:24:10.353109,PENDING,,
14,CNT-2026-0014,Enterprise Supply Agreement - Advanced Optics Rep,14,2025-11-10 13:24:10.346349,2027-01-23 13:24:10.346349,Annual review with 30-day renewal notice,Active,Minor Issues,,,2176183.0,1,2026-09-26 13:24:10.353110,2026-09-26 13:24:10.353110,PENDING,,
15,CNT-2026-0015,Enterprise Supply Agreement - Manikanta,15,2025-10-16 13:24:10.346349,2027-02-01 13:24:10.346349,Annual review with 30-day renewal notice,Active,Major Issues,,,6117135.0,1,2026-09-26 13:24:10.353111,2026-09-26 13:24:10.353112,PENDING,,
16,CNT-2026-0016,Enterprise Supply Agreement - ABC Technologies,16,2025-08-12 13:24:10.346349,2026-10-26 13:24:10.346349,Annual review with 30-day renewal notice,Expiring Soon,Compliant,,,8236291.0,1,2026-09-26 13:24:10.353113,2026-09-26 13:24:10.353114,PENDING,,
17,CNT-2026-0017,Enterprise Supply Agreement - Digital Systems Inc,17,2025-05-27 13:24:10.346349,2027-03-18 13:24:10.346349,Annual review with 30-day renewal notice,Under Renewal,Compliant,,,9958994.0,1,2026-09-26 13:24:10.353115,2026-09-26 13:24:10.353115,PENDING,,
18,CNT-2026-0018,Enterprise Supply Agreement - Computer World Tech,18,2026-03-16 13:24:10.346349,2026-09-14 13:24:10.346349,Annual review with 30-day renewal notice,Expired,Compliant,,,8493709.0,1,2026-09-26 13:24:10.353116,2026-09-26 13:24:10.353117,PENDING,,
19,CNT-2026-0019,Enterprise Supply Agreement - TechDistro Global,19,2025-06-06 13:24:10.346349,2027-06-18 13:24:10.346349,Annual review with 30-day renewal notice,Active,Minor Issues,,,5289845.0,1,2026-09-26 13:24:10.353118,2026-09-26 13:24:10.353119,PENDING,,
20,CNT-2026-0020,Enterprise Supply Agreement - Sri Industrial Materials,20,2025-12-11 13:24:10.346349,2027-02-14 13:24:10.346349,Annual review with 30-day renewal notice,Active,Major Issues,,,4577531.0,1,2026-09-26 13:24:10.353119,2026-09-26 13:24:10.353120,PENDING,,
21,CNT-2026-0021,Enterprise Supply Agreement - Apex Facility & IT Maintenance,21,2025-09-15 13:24:10.346349,2027-05-02 13:24:10.346349,Annual review with 30-day renewal notice,Active,Compliant,,,1539498.0,1,2026-09-26 13:24:10.353121,2026-09-26 13:24:10.353122,PENDING,,
22,CNT-2026-0022,Enterprise Supply Agreement - FastMove Logistics Freight,22,2025-10-05 13:24:10.346349,2026-10-09 13:24:10.346349,Annual review with 30-day renewal notice,Expiring Soon,Compliant,,,3638856.0,1,2026-09-26 13:24:10.353123,2026-09-26 13:24:10.353124,PENDING,,
23,CNT-2026-0023,Enterprise Supply Agreement - Metro Office Solutions,23,2025-11-29 13:24:10.346349,2027-08-23 13:24:10.346349,Annual review with 30-day renewal notice,Under Renewal,Compliant,,,4440798.0,1,2026-09-26 13:24:10.353124,2026-09-26 13:24:10.353125,PENDING,,
24,CNT-2026-0024,Enterprise Supply Agreement - yashwanth,24,2026-02-17 13:24:10.346349,2026-08-06 13:24:10.346349,Annual review with 30-day renewal notice,Expired,Minor Issues,,,3596443.0,1,2026-09-26 13:24:10.353126,2026-09-26 13:24:10.353127,PENDING,,
25,CNT-2026-0025,Enterprise Supply Agreement - prabhas,25,2025-06-12 13:24:10.346349,2027-01-08 13:24:10.346349,Annual review with 30-day renewal notice,Active,Major Issues,,,1648291.0,1,2026-09-26 13:24:10.353128,2026-09-26 13:24:10.353128,PENDING,,
