id,purchase_order_id,recorded_by_id,expected_delivery_date,actual_delivery_date,ordered_quantity,delivered_quantity,delay_days,delivery_status,carrier,tracking_number,notes,created_at,blockchain_status,blockchain_tx_hash,blockchain_confirmed_at
1,3,4,2026-09-18 17:45:37.988011,2026-09-20 17:45:37.988004,100.0,100.0,2,Delayed,Global SeaFreight Logistics,GCL-8841092,Customs clearance backlog caused 2 days transit delay.,2026-09-21 17:45:37.992345,PENDING,,
2,4,4,2026-09-06 17:45:37.996573,2026-09-06 17:45:37.996565,500.0,500.0,0,Completed,DHL Express Freight,DHL-5501928,Received in full with zero defects.,2026-09-21 17:45:37.999832,PENDING,,
3,5,4,2026-09-14 17:45:38.013146,2026-09-19 17:45:38.013138,100.0,70.0,5,Partially Delivered,Freight Direct,FD-4401928,Delivered 70 of 100 units with 5 days transit delay due to production tooling backlogs.,2026-09-21 17:45:38.017610,PENDING,,
4,9,4,2026-10-15 00:00:00.000000,2026-10-14 10:00:00.000000,100.0,100.0,0,Completed,Global Freight Logistics,TRK-2026-88192,All 100 units inspected and received in pristine condition.,2026-09-21 17:57:04.235335,PENDING,,
5,10,4,2026-10-15 00:00:00.000000,2026-10-14 10:00:00.000000,100.0,100.0,0,Completed,Global Freight Logistics,TRK-2026-88192,All 100 units inspected and received in pristine condition.,2026-09-21 18:05:36.797208,PENDING,,
6,11,4,2026-10-15 00:00:00.000000,2026-10-14 10:00:00.000000,100.0,100.0,0,Completed,Global Freight Logistics,TRK-2026-88192,All 100 units inspected and received in pristine condition.,2026-09-21 18:06:45.518900,PENDING,,
7,12,4,2026-03-19 12:12:01.954181,2026-03-22 12:12:01.954181,10.0,8.0,3,Partially Delivered,Bluedart Surface Express,,Delivery receipt #001 for ABC Technologies,2026-09-22 12:12:01.962638,PENDING,,
8,13,4,2026-03-22 12:12:01.959710,2026-03-25 12:12:01.959710,10.0,10.0,3,Delayed,Bluedart Surface Express,,Delivery receipt #002 for ABC Technologies,2026-09-22 12:12:01.968743,PENDING,,
9,14,4,2026-03-25 12:12:01.967759,2026-03-25 12:12:01.967759,10.0,10.0,0,Delivered,Bluedart Surface Express,,Delivery receipt #003 for ABC Technologies,2026-09-22 12:12:01.971964,PENDING,,
10,15,4,2026-03-28 12:12:01.971104,2026-03-28 12:12:01.971104,10.0,10.0,0,Delivered,Bluedart Surface Express,,Delivery receipt #004 for ABC Technologies,2026-09-22 12:12:01.974994,PENDING,,
11,16,4,2026-03-31 12:12:01.974190,2026-03-31 12:12:01.974190,10.0,10.0,0,Delivered,Bluedart Surface Express,,Delivery receipt #005 for ABC Technologies,2026-09-22 12:12:01.978195,PENDING,,
12,17,4,2026-04-03 12:12:01.977056,2026-04-03 12:12:01.977056,10.0,10.0,0,Delivered,Bluedart Surface Express,,Delivery receipt #006 for ABC Technologies,2026-09-22 12:12:01.981321,PENDING,,
13,18,4,2026-04-06 12:12:01.980495,2026-04-06 12:12:01.980495,10.0,10.0,0,Delivered,Bluedart Surface Express,,Delivery receipt #007 for ABC Technologies,2026-09-22 12:12:01.984769,PENDING,,
14,19,4,2026-04-09 12:12:01.983729,2026-04-09 12:12:01.983729,10.0,10.0,0,Delivered,Bluedart Surface Express,,Delivery receipt #008 for ABC Technologies,2026-09-22 12:12:01.988204,PENDING,,
15,20,4,2026-04-12 12:12:01.987371,2026-04-12 12:12:01.987371,10.0,10.0,0,Delivered,Bluedart Surface Express,,Delivery receipt #009 for ABC Technologies,2026-09-22 12:12:01.991051,PENDING,,
16,21,4,2026-04-15 12:12:01.990248,2026-04-15 12:12:01.990248,10.0,10.0,0,Delivered,Bluedart Surface Express,,Delivery receipt #010 for ABC Technologies,2026-09-22 12:12:01.995145,PENDING,,
17,22,4,2026-04-18 12:12:01.993798,2026-04-18 12:12:01.993798,10.0,10.0,0,Delivered,Bluedart Surface Express,,Delivery receipt #011 for ABC Technologies,2026-09-22 12:12:01.998413,PENDING,,
18,23,4,2026-04-21 12:12:01.997587,2026-04-21 12:12:01.997587,10.0,10.0,0,Delivered,Bluedart Surface Express,,Delivery receipt #012 for ABC Technologies,2026-09-22 12:12:02.001589,PENDING,,
19,24,4,2026-04-24 12:12:02.000686,2026-04-24 12:12:02.000686,10.0,10.0,0,Delivered,Bluedart Surface Express,,Delivery receipt #013 for ABC Technologies,2026-09-22 12:12:02.004868,PENDING,,
20,25,4,2026-04-27 12:12:02.004020,2026-04-27 12:12:02.004020,10.0,10.0,0,Delivered,Bluedart Surface Express,,Delivery receipt #014 for ABC Technologies,2026-09-22 12:12:02.007917,PENDING,,
21,26,4,2026-04-30 12:12:02.007087,2026-04-30 12:12:02.007087,10.0,10.0,0,Delivered,Bluedart Surface Express,,Delivery receipt #015 for ABC Technologies,2026-09-22 12:12:02.011348,PENDING,,
22,27,4,2026-05-03 12:12:02.010508,2026-05-03 12:12:02.010508,10.0,10.0,0,Delivered,Bluedart Surface Express,,Delivery receipt #016 for ABC Technologies,2026-09-22 12:12:02.014300,PENDING,,
23,28,4,2026-05-06 12:12:02.013468,2026-05-06 12:12:02.013468,10.0,10.0,0,Delivered,Bluedart Surface Express,,Delivery receipt #017 for ABC Technologies,2026-09-22 12:12:02.017290,PENDING,,
24,29,4,2026-05-09 12:12:02.016347,2026-05-09 12:12:02.016347,10.0,10.0,0,Delivered,Bluedart Surface Express,,Delivery receipt #018 for ABC Technologies,2026-09-22 12:12:02.020716,PENDING,,
25,30,4,2026-05-12 12:12:02.019870,2026-05-12 12:12:02.019870,10.0,10.0,0,Delivered,Bluedart Surface Express,,Delivery receipt #019 for ABC Technologies,2026-09-22 12:12:02.023557,PENDING,,
26,31,4,2026-05-15 12:12:02.022776,2026-05-15 12:12:02.022776,10.0,10.0,0,Delivered,Bluedart Surface Express,,Delivery receipt #020 for ABC Technologies,2026-09-22 12:12:02.027260,PENDING,,
27,32,4,2026-05-18 12:12:02.026086,2026-05-18 12:12:02.026086,10.0,10.0,0,Delivered,Bluedart Surface Express,,Delivery receipt #021 for ABC Technologies,2026-09-22 12:12:02.031262,PENDING,,
28,33,4,2026-05-21 12:12:02.030286,2026-05-21 12:12:02.030286,10.0,10.0,0,Delivered,Bluedart Surface Express,,Delivery receipt #022 for ABC Technologies,2026-09-22 12:12:02.034676,PENDING,,
29,34,4,2026-05-24 12:12:02.033763,2026-05-24 12:12:02.033763,10.0,10.0,0,Delivered,Bluedart Surface Express,,Delivery receipt #023 for ABC Technologies,2026-09-22 12:12:02.038132,PENDING,,
30,35,4,2026-05-27 12:12:02.037222,2026-05-27 12:12:02.037222,10.0,10.0,0,Delivered,Bluedart Surface Express,,Delivery receipt #024 for ABC Technologies,2026-09-22 12:12:02.041348,PENDING,,
31,36,4,2026-05-30 12:12:02.040524,2026-05-30 12:12:02.040524,10.0,10.0,0,Delivered,Bluedart Surface Express,,Delivery receipt #025 for ABC Technologies,2026-09-22 12:12:02.044357,PENDING,,
32,37,4,2026-06-02 12:12:02.043545,2026-06-02 12:12:02.043545,10.0,10.0,0,Delivered,Bluedart Surface Express,,Delivery receipt #026 for ABC Technologies,2026-09-22 12:12:02.047307,PENDING,,
33,38,4,2026-06-05 12:12:02.046518,2026-06-05 12:12:02.046518,10.0,10.0,0,Delivered,Bluedart Surface Express,,Delivery receipt #027 for ABC Technologies,2026-09-22 12:12:02.050173,PENDING,,
34,39,4,2026-06-08 12:12:02.049388,2026-06-08 12:12:02.049388,10.0,10.0,0,Delivered,Bluedart Surface Express,,Delivery receipt #028 for ABC Technologies,2026-09-22 12:12:02.053144,PENDING,,
35,40,4,2026-06-11 12:12:02.052264,2026-06-11 12:12:02.052264,10.0,10.0,0,Delivered,Bluedart Surface Express,,Delivery receipt #029 for ABC Technologies,2026-09-22 12:12:02.056753,PENDING,,
36,41,4,2026-06-14 12:12:02.055549,2026-06-14 12:12:02.055549,10.0,10.0,0,Delivered,Bluedart Surface Express,,Delivery receipt #030 for ABC Technologies,2026-09-22 12:12:02.059898,PENDING,,
37,42,4,2026-06-17 12:12:02.058995,2026-06-17 12:12:02.058995,10.0,10.0,0,Delivered,Bluedart Surface Express,,Delivery receipt #031 for ABC Technologies,2026-09-22 12:12:02.063262,PENDING,,
38,43,4,2026-06-20 12:12:02.062363,2026-06-20 12:12:02.062363,10.0,10.0,0,Delivered,Bluedart Surface Express,,Delivery receipt #032 for ABC Technologies,2026-09-22 12:12:02.066343,PENDING,,
39,44,4,2026-06-23 12:12:02.065481,2026-06-23 12:12:02.065481,10.0,10.0,0,Delivered,Bluedart Surface Express,,Delivery receipt #033 for ABC Technologies,2026-09-22 12:12:02.070281,PENDING,,
40,45,4,2026-06-26 12:12:02.069257,2026-06-26 12:12:02.069257,10.0,10.0,0,Delivered,Bluedart Surface Express,,Delivery receipt #034 for ABC Technologies,2026-09-22 12:12:02.074422,PENDING,,
41,46,4,2026-06-29 12:12:02.073488,2026-06-29 12:12:02.073488,10.0,10.0,0,Delivered,Bluedart Surface Express,,Delivery receipt #035 for ABC Technologies,2026-09-22 12:12:02.077770,PENDING,,
42,47,4,2026-07-02 12:12:02.076914,2026-07-02 12:12:02.076914,10.0,10.0,0,Delivered,Bluedart Surface Express,,Delivery receipt #036 for ABC Technologies,2026-09-22 12:12:02.081123,PENDING,,
43,48,4,2026-07-05 12:12:02.080256,2026-07-05 12:12:02.080256,10.0,10.0,0,Delivered,Bluedart Surface Express,,Delivery receipt #037 for ABC Technologies,2026-09-22 12:12:02.084624,PENDING,,
44,49,4,2026-07-08 12:12:02.083689,2026-07-08 12:12:02.083689,10.0,10.0,0,Delivered,Bluedart Surface Express,,Delivery receipt #038 for ABC Technologies,2026-09-22 12:12:02.088333,PENDING,,
45,50,4,2026-07-11 12:12:02.087229,2026-07-11 12:12:02.087229,10.0,10.0,0,Delivered,Bluedart Surface Express,,Delivery receipt #039 for ABC Technologies,2026-09-22 12:12:02.092568,PENDING,,
46,51,4,2026-07-14 12:12:02.091619,2026-07-14 12:12:02.091619,10.0,10.0,0,Delivered,Bluedart Surface Express,,Delivery receipt #040 for ABC Technologies,2026-09-22 12:12:02.098117,PENDING,,
47,52,4,2026-07-17 12:12:02.096516,2026-07-17 12:12:02.096516,10.0,10.0,0,Delivered,Bluedart Surface Express,,Delivery receipt #041 for ABC Technologies,2026-09-22 12:12:02.104094,PENDING,,
48,53,4,2026-07-20 12:12:02.102481,2026-07-20 12:12:02.102481,10.0,10.0,0,Delivered,Bluedart Surface Express,,Delivery receipt #042 for ABC Technologies,2026-09-22 12:12:02.108847,PENDING,,
49,54,4,2026-07-23 12:12:02.107853,2026-07-23 12:12:02.107853,10.0,10.0,0,Delivered,Bluedart Surface Express,,Delivery receipt #043 for ABC Technologies,2026-09-22 12:12:02.112761,PENDING,,
50,55,4,2026-07-26 12:12:02.111609,2026-07-26 12:12:02.111609,10.0,10.0,0,Delivered,Bluedart Surface Express,,Delivery receipt #044 for ABC Technologies,2026-09-22 12:12:02.118508,PENDING,,
51,56,4,2026-07-29 12:12:02.116577,2026-07-29 12:12:02.116577,10.0,10.0,0,Delivered,Bluedart Surface Express,,Delivery receipt #045 for ABC Technologies,2026-09-22 12:12:02.125299,PENDING,,
52,57,4,2026-08-01 12:12:02.123481,2026-08-01 12:12:02.123481,10.0,10.0,0,Delivered,Bluedart Surface Express,,Delivery receipt #046 for ABC Technologies,2026-09-22 12:12:02.130848,PENDING,,
53,58,4,2026-08-04 12:12:02.129832,2026-08-04 12:12:02.129832,10.0,10.0,0,Delivered,Bluedart Surface Express,,Delivery receipt #047 for ABC Technologies,2026-09-22 12:12:02.135399,PENDING,,
54,59,4,2026-08-07 12:12:02.133960,2026-08-07 12:12:02.133960,10.0,10.0,0,Delivered,Bluedart Surface Express,,Delivery receipt #048 for ABC Technologies,2026-09-22 12:12:02.139580,PENDING,,
55,60,4,2026-03-19 12:12:02.141989,2026-03-22 12:12:02.141989,10.0,8.0,3,Partially Delivered,Bluedart Surface Express,,Delivery receipt #001 for Digital Systems Inc,2026-09-22 12:12:02.147175,PENDING,,
56,61,4,2026-03-22 12:12:02.145648,2026-03-25 12:12:02.145648,10.0,8.0,3,Partially Delivered,Bluedart Surface Express,,Delivery receipt #002 for Digital Systems Inc,2026-09-22 12:12:02.154281,PENDING,,
57,62,4,2026-03-25 12:12:02.152382,2026-03-28 12:12:02.152382,10.0,8.0,3,Partially Delivered,Bluedart Surface Express,,Delivery receipt #003 for Digital Systems Inc,2026-09-22 12:12:02.158855,PENDING,,
58,63,4,2026-03-28 12:12:02.157704,2026-03-31 12:12:02.157704,10.0,10.0,3,Delayed,Bluedart Surface Express,,Delivery receipt #004 for Digital Systems Inc,2026-09-22 12:12:02.163987,PENDING,,
59,64,4,2026-03-31 12:12:02.162732,2026-04-03 12:12:02.162732,10.0,10.0,3,Delayed,Bluedart Surface Express,,Delivery receipt #005 for Digital Systems Inc,2026-09-22 12:12:02.170037,PENDING,,
60,65,4,2026-04-03 12:12:02.168631,2026-04-06 12:12:02.168631,10.0,10.0,3,Delayed,Bluedart Surface Express,,Delivery receipt #006 for Digital Systems Inc,2026-09-22 12:12:02.175724,PENDING,,
61,66,4,2026-04-06 12:12:02.173997,2026-04-06 12:12:02.173997,10.0,10.0,0,Delivered,Bluedart Surface Express,,Delivery receipt #007 for Digital Systems Inc,2026-09-22 12:12:02.181611,PENDING,,
62,67,4,2026-04-09 12:12:02.180229,2026-04-09 12:12:02.180229,10.0,10.0,0,Delivered,Bluedart Surface Express,,Delivery receipt #008 for Digital Systems Inc,2026-09-22 12:12:02.187113,PENDING,,
63,68,4,2026-04-12 12:12:02.185481,2026-04-12 12:12:02.185481,10.0,10.0,0,Delivered,Bluedart Surface Express,,Delivery receipt #009 for Digital Systems Inc,2026-09-22 12:12:02.193418,PENDING,,
64,69,4,2026-04-15 12:12:02.191793,2026-04-15 12:12:02.191793,10.0,10.0,0,Delivered,Bluedart Surface Express,,Delivery receipt #010 for Digital Systems Inc,2026-09-22 12:12:02.199081,PENDING,,
65,70,4,2026-04-18 12:12:02.197574,2026-04-18 12:12:02.197574,10.0,10.0,0,Delivered,Bluedart Surface Express,,Delivery receipt #011 for Digital Systems Inc,2026-09-22 12:12:02.204854,PENDING,,
66,71,4,2026-04-21 12:12:02.203663,2026-04-21 12:12:02.203663,10.0,10.0,0,Delivered,Bluedart Surface Express,,Delivery receipt #012 for Digital Systems Inc,2026-09-22 12:12:02.212173,PENDING,,
67,72,4,2026-04-24 12:12:02.210852,2026-04-24 12:12:02.210852,10.0,10.0,0,Delivered,Bluedart Surface Express,,Delivery receipt #013 for Digital Systems Inc,2026-09-22 12:12:02.217779,PENDING,,
68,73,4,2026-04-27 12:12:02.215836,2026-04-27 12:12:02.215836,10.0,10.0,0,Delivered,Bluedart Surface Express,,Delivery receipt #014 for Digital Systems Inc,2026-09-22 12:12:02.223882,PENDING,,
69,74,4,2026-04-30 12:12:02.222361,2026-04-30 12:12:02.222361,10.0,10.0,0,Delivered,Bluedart Surface Express,,Delivery receipt #015 for Digital Systems Inc,2026-09-22 12:12:02.230132,PENDING,,
70,75,4,2026-05-03 12:12:02.228552,2026-05-03 12:12:02.228552,10.0,10.0,0,Delivered,Bluedart Surface Express,,Delivery receipt #016 for Digital Systems Inc,2026-09-22 12:12:02.237596,PENDING,,
71,76,4,2026-05-06 12:12:02.235913,2026-05-06 12:12:02.235913,10.0,10.0,0,Delivered,Bluedart Surface Express,,Delivery receipt #017 for Digital Systems Inc,2026-09-22 12:12:02.244495,PENDING,,
72,77,4,2026-05-09 12:12:02.242824,2026-05-09 12:12:02.242824,10.0,10.0,0,Delivered,Bluedart Surface Express,,Delivery receipt #018 for Digital Systems Inc,2026-09-22 12:12:02.250652,PENDING,,
73,78,4,2026-05-12 12:12:02.249238,2026-05-12 12:12:02.249238,10.0,10.0,0,Delivered,Bluedart Surface Express,,Delivery receipt #019 for Digital Systems Inc,2026-09-22 12:12:02.255995,PENDING,,
74,79,4,2026-05-15 12:12:02.254539,2026-05-15 12:12:02.254539,10.0,10.0,0,Delivered,Bluedart Surface Express,,Delivery receipt #020 for Digital Systems Inc,2026-09-22 12:12:02.262171,PENDING,,
75,80,4,2026-05-18 12:12:02.260487,2026-05-18 12:12:02.260487,10.0,10.0,0,Delivered,Bluedart Surface Express,,Delivery receipt #021 for Digital Systems Inc,2026-09-22 12:12:02.268075,PENDING,,
76,81,4,2026-05-21 12:12:02.266568,2026-05-21 12:12:02.266568,10.0,10.0,0,Delivered,Bluedart Surface Express,,Delivery receipt #022 for Digital Systems Inc,2026-09-22 12:12:02.273359,PENDING,,
77,82,4,2026-05-24 12:12:02.271904,2026-05-24 12:12:02.271904,10.0,10.0,0,Delivered,Bluedart Surface Express,,Delivery receipt #023 for Digital Systems Inc,2026-09-22 12:12:02.278299,PENDING,,
78,83,4,2026-05-27 12:12:02.277137,2026-05-27 12:12:02.277137,10.0,10.0,0,Delivered,Bluedart Surface Express,,Delivery receipt #024 for Digital Systems Inc,2026-09-22 12:12:02.282465,PENDING,,
79,84,4,2026-05-30 12:12:02.281034,2026-05-30 12:12:02.281034,10.0,10.0,0,Delivered,Bluedart Surface Express,,Delivery receipt #025 for Digital Systems Inc,2026-09-22 12:12:02.289425,PENDING,,
80,85,4,2026-06-02 12:12:02.286833,2026-06-02 12:12:02.286833,10.0,10.0,0,Delivered,Bluedart Surface Express,,Delivery receipt #026 for Digital Systems Inc,2026-09-22 12:12:02.295251,PENDING,,
81,86,4,2026-06-05 12:12:02.293652,2026-06-05 12:12:02.293652,10.0,10.0,0,Delivered,Bluedart Surface Express,,Delivery receipt #027 for Digital Systems Inc,2026-09-22 12:12:02.300002,PENDING,,
82,87,4,2026-06-08 12:12:02.298836,2026-06-08 12:12:02.298836,10.0,10.0,0,Delivered,Bluedart Surface Express,,Delivery receipt #028 for Digital Systems Inc,2026-09-22 12:12:02.304622,PENDING,,
83,88,4,2026-06-11 12:12:02.303653,2026-06-11 12:12:02.303653,10.0,10.0,0,Delivered,Bluedart Surface Express,,Delivery receipt #029 for Digital Systems Inc,2026-09-22 12:12:02.308041,PENDING,,
84,89,4,2026-06-14 12:12:02.307133,2026-06-14 12:12:02.307133,10.0,10.0,0,Delivered,Bluedart Surface Express,,Delivery receipt #030 for Digital Systems Inc,2026-09-22 12:12:02.311317,PENDING,,
85,90,4,2026-06-17 12:12:02.310443,2026-06-17 12:12:02.310443,10.0,10.0,0,Delivered,Bluedart Surface Express,,Delivery receipt #031 for Digital Systems Inc,2026-09-22 12:12:02.314904,PENDING,,
86,91,4,2026-06-20 12:12:02.314028,2026-06-20 12:12:02.314028,10.0,10.0,0,Delivered,Bluedart Surface Express,,Delivery receipt #032 for Digital Systems Inc,2026-09-22 12:12:02.318510,PENDING,,
87,92,4,2026-06-23 12:12:02.317420,2026-06-23 12:12:02.317420,10.0,10.0,0,Delivered,Bluedart Surface Express,,Delivery receipt #033 for Digital Systems Inc,2026-09-22 12:12:02.322246,PENDING,,
88,93,4,2026-06-26 12:12:02.321155,2026-06-26 12:12:02.321155,10.0,10.0,0,Delivered,Bluedart Surface Express,,Delivery receipt #034 for Digital Systems Inc,2026-09-22 12:12:02.327826,PENDING,,
89,94,4,2026-06-29 12:12:02.326604,2026-06-29 12:12:02.326604,10.0,10.0,0,Delivered,Bluedart Surface Express,,Delivery receipt #035 for Digital Systems Inc,2026-09-22 12:12:02.332282,PENDING,,
90,95,4,2026-07-02 12:12:02.330988,2026-07-02 12:12:02.330988,10.0,10.0,0,Delivered,Bluedart Surface Express,,Delivery receipt #036 for Digital Systems Inc,2026-09-22 12:12:02.337936,PENDING,,
91,96,4,2026-07-05 12:12:02.336606,2026-07-05 12:12:02.336606,10.0,10.0,0,Delivered,Bluedart Surface Express,,Delivery receipt #037 for Digital Systems Inc,2026-09-22 12:12:02.342292,PENDING,,
92,97,4,2026-07-08 12:12:02.341089,2026-07-08 12:12:02.341089,10.0,10.0,0,Delivered,Bluedart Surface Express,,Delivery receipt #038 for Digital Systems Inc,2026-09-22 12:12:02.346303,PENDING,,
93,98,4,2026-07-11 12:12:02.345196,2026-07-11 12:12:02.345196,10.0,10.0,0,Delivered,Bluedart Surface Express,,Delivery receipt #039 for Digital Systems Inc,2026-09-22 12:12:02.350432,PENDING,,
94,99,4,2026-07-14 12:12:02.349222,2026-07-14 12:12:02.349222,10.0,10.0,0,Delivered,Bluedart Surface Express,,Delivery receipt #040 for Digital Systems Inc,2026-09-22 12:12:02.354635,PENDING,,
95,100,4,2026-03-19 12:12:02.357381,2026-03-22 12:12:02.357381,10.0,8.0,3,Partially Delivered,Bluedart Surface Express,,Delivery receipt #001 for Computer World Tech,2026-09-22 12:12:02.363405,PENDING,,
96,101,4,2026-03-22 12:12:02.362045,2026-03-25 12:12:02.362045,10.0,8.0,3,Partially Delivered,Bluedart Surface Express,,Delivery receipt #002 for Computer World Tech,2026-09-22 12:12:02.369132,PENDING,,
97,102,4,2026-03-25 12:12:02.367395,2026-03-28 12:12:02.367395,10.0,8.0,3,Partially Delivered,Bluedart Surface Express,,Delivery receipt #003 for Computer World Tech,2026-09-22 12:12:02.374817,PENDING,,
98,103,4,2026-03-28 12:12:02.373124,2026-03-31 12:12:02.373124,10.0,8.0,3,Partially Delivered,Bluedart Surface Express,,Delivery receipt #004 for Computer World Tech,2026-09-22 12:12:02.383715,PENDING,,
99,104,4,2026-03-31 12:12:02.381625,2026-04-03 12:12:02.381625,10.0,8.0,3,Partially Delivered,Bluedart Surface Express,,Delivery receipt #005 for Computer World Tech,2026-09-22 12:12:02.390752,PENDING,,
100,105,4,2026-04-03 12:12:02.388936,2026-04-06 12:12:02.388936,10.0,10.0,3,Delayed,Bluedart Surface Express,,Delivery receipt #006 for Computer World Tech,2026-09-22 12:12:02.398458,PENDING,,
101,106,4,2026-04-06 12:12:02.396647,2026-04-09 12:12:02.396647,10.0,10.0,3,Delayed,Bluedart Surface Express,,Delivery receipt #007 for Computer World Tech,2026-09-22 12:12:02.405350,PENDING,,
102,107,4,2026-04-09 12:12:02.403622,2026-04-12 12:12:02.403622,10.0,10.0,3,Delayed,Bluedart Surface Express,,Delivery receipt #008 for Computer World Tech,2026-09-22 12:12:02.411859,PENDING,,
103,108,4,2026-04-12 12:12:02.409921,2026-04-15 12:12:02.409921,10.0,10.0,3,Delayed,Bluedart Surface Express,,Delivery receipt #009 for Computer World Tech,2026-09-22 12:12:02.418489,PENDING,,
104,109,4,2026-04-15 12:12:02.416363,2026-04-15 12:12:02.416363,10.0,10.0,0,Delivered,Bluedart Surface Express,,Delivery receipt #010 for Computer World Tech,2026-09-22 12:12:02.425181,PENDING,,
105,110,4,2026-04-18 12:12:02.423359,2026-04-18 12:12:02.423359,10.0,10.0,0,Delivered,Bluedart Surface Express,,Delivery receipt #011 for Computer World Tech,2026-09-22 12:12:02.432153,PENDING,,
106,111,4,2026-04-21 12:12:02.430605,2026-04-21 12:12:02.430605,10.0,10.0,0,Delivered,Bluedart Surface Express,,Delivery receipt #012 for Computer World Tech,2026-09-22 12:12:02.439937,PENDING,,
107,112,4,2026-04-24 12:12:02.438110,2026-04-24 12:12:02.438110,10.0,10.0,0,Delivered,Bluedart Surface Express,,Delivery receipt #013 for Computer World Tech,2026-09-22 12:12:02.447843,PENDING,,
108,113,4,2026-04-27 12:12:02.446109,2026-04-27 12:12:02.446109,10.0,10.0,0,Delivered,Bluedart Surface Express,,Delivery receipt #014 for Computer World Tech,2026-09-22 12:12:02.456416,PENDING,,
109,114,4,2026-04-30 12:12:02.454742,2026-04-30 12:12:02.454742,10.0,10.0,0,Delivered,Bluedart Surface Express,,Delivery receipt #015 for Computer World Tech,2026-09-22 12:12:02.462677,PENDING,,
110,115,4,2026-05-03 12:12:02.461037,2026-05-03 12:12:02.461037,10.0,10.0,0,Delivered,Bluedart Surface Express,,Delivery receipt #016 for Computer World Tech,2026-09-22 12:12:02.470829,PENDING,,
111,116,4,2026-05-06 12:12:02.468880,2026-05-06 12:12:02.468880,10.0,10.0,0,Delivered,Bluedart Surface Express,,Delivery receipt #017 for Computer World Tech,2026-09-22 12:12:02.479201,PENDING,,
112,117,4,2026-05-09 12:12:02.477461,2026-05-09 12:12:02.477461,10.0,10.0,0,Delivered,Bluedart Surface Express,,Delivery receipt #018 for Computer World Tech,2026-09-22 12:12:02.486185,PENDING,,
113,118,4,2026-05-12 12:12:02.484489,2026-05-12 12:12:02.484489,10.0,10.0,0,Delivered,Bluedart Surface Express,,Delivery receipt #019 for Computer World Tech,2026-09-22 12:12:02.492540,PENDING,,
114,119,4,2026-05-15 12:12:02.490702,2026-05-15 12:12:02.490702,10.0,10.0,0,Delivered,Bluedart Surface Express,,Delivery receipt #020 for Computer World Tech,2026-09-22 12:12:02.499609,PENDING,,
115,120,4,2026-05-18 12:12:02.497461,2026-05-18 12:12:02.497461,10.0,10.0,0,Delivered,Bluedart Surface Express,,Delivery receipt #021 for Computer World Tech,2026-09-22 12:12:02.505461,PENDING,,
116,121,4,2026-05-21 12:12:02.504302,2026-05-21 12:12:02.504302,10.0,10.0,0,Delivered,Bluedart Surface Express,,Delivery receipt #022 for Computer World Tech,2026-09-22 12:12:02.511557,PENDING,,
117,122,4,2026-05-24 12:12:02.510000,2026-05-24 12:12:02.510000,10.0,10.0,0,Delivered,Bluedart Surface Express,,Delivery receipt #023 for Computer World Tech,2026-09-22 12:12:02.532708,PENDING,,
118,123,4,2026-05-27 12:12:02.531252,2026-05-27 12:12:02.531252,10.0,10.0,0,Delivered,Bluedart Surface Express,,Delivery receipt #024 for Computer World Tech,2026-09-22 12:12:02.542569,PENDING,,
119,124,4,2026-05-30 12:12:02.540548,2026-05-30 12:12:02.540548,10.0,10.0,0,Delivered,Bluedart Surface Express,,Delivery receipt #025 for Computer World Tech,2026-09-22 12:12:02.549670,PENDING,,
120,125,4,2026-06-02 12:12:02.547425,2026-06-02 12:12:02.547425,10.0,10.0,0,Delivered,Bluedart Surface Express,,Delivery receipt #026 for Computer World Tech,2026-09-22 12:12:02.556454,PENDING,,
121,126,4,2026-06-05 12:12:02.554849,2026-06-05 12:12:02.554849,10.0,10.0,0,Delivered,Bluedart Surface Express,,Delivery receipt #027 for Computer World Tech,2026-09-22 12:12:02.561420,PENDING,,
122,127,4,2026-06-08 12:12:02.560161,2026-06-08 12:12:02.560161,10.0,10.0,0,Delivered,Bluedart Surface Express,,Delivery receipt #028 for Computer World Tech,2026-09-22 12:12:02.566045,PENDING,,
123,128,4,2026-06-11 12:12:02.564794,2026-06-11 12:12:02.564794,10.0,10.0,0,Delivered,Bluedart Surface Express,,Delivery receipt #029 for Computer World Tech,2026-09-22 12:12:02.571506,PENDING,,
124,129,4,2026-06-14 12:12:02.569591,2026-06-14 12:12:02.569591,10.0,10.0,0,Delivered,Bluedart Surface Express,,Delivery receipt #030 for Computer World Tech,2026-09-22 12:12:02.576528,PENDING,,
125,130,4,2026-06-17 12:12:02.575056,2026-06-17 12:12:02.575056,10.0,10.0,0,Delivered,Bluedart Surface Express,,Delivery receipt #031 for Computer World Tech,2026-09-22 12:12:02.581163,PENDING,,
126,131,4,2026-06-20 12:12:02.580103,2026-06-20 12:12:02.580103,10.0,10.0,0,Delivered,Bluedart Surface Express,,Delivery receipt #032 for Computer World Tech,2026-09-22 12:12:02.586432,PENDING,,
127,132,4,2026-06-23 12:12:02.584532,2026-06-23 12:12:02.584532,10.0,10.0,0,Delivered,Bluedart Surface Express,,Delivery receipt #033 for Computer World Tech,2026-09-22 12:12:02.592013,PENDING,,
128,133,4,2026-06-26 12:12:02.590557,2026-06-26 12:12:02.590557,10.0,10.0,0,Delivered,Bluedart Surface Express,,Delivery receipt #034 for Computer World Tech,2026-09-22 12:12:02.596616,PENDING,,
129,134,4,2026-06-29 12:12:02.595150,2026-06-29 12:12:02.595150,10.0,10.0,0,Delivered,Bluedart Surface Express,,Delivery receipt #035 for Computer World Tech,2026-09-22 12:12:02.601496,PENDING,,
130,136,4,2026-09-26 00:00:00.000000,2026-09-22 00:00:00.000000,100.0,100.0,0,Completed,DHL Express Freight,DHL-7758690,Inspected at dock. Quantity verified against packing slip.,2026-09-22 14:36:57.894471,PENDING,,
131,138,,2026-09-23 16:06:31.146548,2026-09-22 16:06:31.146577,20.0,20.0,0,Completed,FedEx Express Logistics,TRK-987654321,,2026-09-22 16:06:31.149492,PENDING,,
132,140,4,2026-10-05 00:00:00.000000,2026-09-22 00:00:00.000000,100.0,100.0,0,Delivered,DHL Express Freight,TRK-830768,Inspected at dock. Quantity verified against packing slip.,2026-09-22 18:13:57.840351,PENDING,,
133,142,4,2026-09-21 00:00:00.000000,2026-09-22 00:00:00.000000,100.0,100.0,1,Completed,DHL Express Freight,TRK-122082,Inspected at dock. Quantity verified against packing slip.,2026-09-22 18:18:46.805557,PENDING,,
134,143,,2026-09-24 12:00:52.041101,2026-09-23 12:00:52.041121,20.0,20.0,0,Delivered,FedEx Express Logistics,TRK-987654321,,2026-09-23 12:00:52.043717,PENDING,,
135,144,,2026-09-24 12:24:42.796068,2026-09-23 12:24:42.796097,20.0,20.0,0,Delivered,FedEx Express Logistics,TRK-987654321,,2026-09-23 12:24:42.799003,PENDING,,
136,145,4,2026-09-27 00:00:00.000000,2026-09-23 00:00:00.000000,100.0,100.0,0,Completed,DHL Express Freight,DHL-6443835,Inspected at dock. Quantity verified against packing slip.,2026-09-23 12:28:14.035719,CONFIRMED,8b3ca91b2fb0681c16d7d34dbe8bdb143841f401e9feb5a561b38d6340f9bf1b,2026-09-23 12:28:35.113404
137,147,4,2026-09-29 00:00:00.000000,2026-09-23 00:00:00.000000,100.0,100.0,0,Delivered,DHL Express Freight,TRK-097575,Inspected at dock. Quantity verified against packing slip.,2026-09-23 13:11:39.627379,CONFIRMED,9490fc38aa974bfcd0710b6b82f9e1cbe14f5a89f719968042f4c2a934a14a11,2026-09-23 13:11:39.652901
138,151,,2026-09-28 13:01:11.029416,2026-09-27 13:01:11.029448,20.0,20.0,0,Delivered,FedEx Express Logistics,TRK-987654321,,2026-09-27 13:01:11.033707,PENDING,,
139,153,,2026-09-28 13:09:25.452564,2026-09-27 13:09:25.452609,20.0,20.0,0,Delivered,FedEx Express Logistics,TRK-987654321,,2026-09-27 13:09:25.456945,PENDING,,
140,155,4,2026-10-04 13:12:01.595113,2026-09-27 13:12:01.595146,10.0,10.0,0,Delivered,Blue Dart Express,BD-99887766,100% units verified and intact.,2026-09-27 13:12:01.633271,CONFIRMED,5e3f9fd9019f80ff1409328767d58189b3593aef0b0c87f4f59ef2506e3901b0,2026-09-27 13:12:01.683825
141,150,4,2026-09-26 00:00:00.000000,2026-09-27 00:00:00.000000,100.0,100.0,1,Delayed,DHL Express Freight,TRK-860894,Inspected at dock. Quantity verified against packing slip.,2026-09-27 13:14:29.641142,CONFIRMED,a9570bf3b6712c889d03f6dfed7d4acdffb2810ce07a46e3dec13048a0cd30fd,2026-09-27 13:14:29.674218
142,157,4,2026-10-04 13:22:41.266698,2026-09-27 13:22:41.266730,10.0,10.0,0,Delivered,Blue Dart Express,BD-99887766,100% units verified and intact.,2026-09-27 13:22:41.292992,CONFIRMED,667cedda479fe18deb735e97824e477cd895f4119012a97692d72fc69301f44b,2026-09-27 13:22:41.312119
143,159,4,2026-10-04 14:19:57.399277,2026-09-27 14:19:57.399343,10.0,10.0,0,Delivered,Blue Dart Express,BD-99887766,100% units verified and intact.,2026-09-27 14:19:57.426089,CONFIRMED,13752e35b6d8c03b8e04dc99e7840d64bcb2a6dc3a40c86a6b1e3922cbf5cec4,2026-09-27 14:19:57.447100
144,160,4,2026-10-05 11:40:32.732262,2026-09-28 11:40:32.732306,10.0,10.0,0,Delivered,Blue Dart Express,BD-99887766,100% units verified and intact.,2026-09-28 11:40:32.772946,CONFIRMED,7e21e094271b5aae40c2613dba363ae322a43afdd0ffd20e15042036910cf1e6,2026-09-28 11:40:32.799491
145,162,4,2026-10-05 11:47:08.645778,2026-09-28 11:47:08.645824,10.0,10.0,0,Delivered,Blue Dart Express,BD-99887766,100% units verified and intact.,2026-09-28 11:47:08.695455,CONFIRMED,1fa31c22a619179c79ac8f2a4ba2366593cfa92d95e3e62b11565aa6691e066c,2026-09-28 11:47:08.725077
146,163,4,2026-10-05 11:51:28.248865,2026-09-28 11:51:28.248919,10.0,10.0,0,Completed,Blue Dart Express,BD-99887766,100% units verified and intact.,2026-09-28 11:51:28.287093,CONFIRMED,455b8e4e2d451ab3621f544876a4946ef4811b803dbcc51b9d801bbd74ae2e65,2026-09-28 13:14:14.926126
147,165,4,2026-10-06 11:42:55.468911,2026-09-29 11:42:55.468931,10.0,10.0,0,Delivered,Blue Dart Express,BD-99887766,100% units verified and intact.,2026-09-29 11:42:55.486038,CONFIRMED,759e5abb0004b0b2f5396c35b279734bde3854f1fbb477b3938e339832312209,2026-09-29 11:42:55.498259
148,166,4,2026-10-06 12:30:42.714489,2026-09-29 12:30:42.714522,10.0,10.0,0,Delivered,Blue Dart Express,BD-99887766,100% units verified and intact.,2026-09-29 12:30:42.789176,CONFIRMED,bb7521fec46e4a32edaa197260f69a4a6ed5ac29c1d55fd2d34fa0d0582fc15e,2026-09-29 12:30:42.808964
149,167,4,2026-10-06 13:02:51.451229,2026-09-29 13:02:51.451263,10.0,10.0,0,Delivered,Blue Dart Express,BD-99887766,100% units verified and intact.,2026-09-29 13:02:51.479009,CONFIRMED,6777983a9c9a88ae0f49864a53b37ce6a6af04a48307d21643fe5908fecb287e,2026-09-29 13:02:51.501927
150,168,4,2026-10-06 13:53:46.662349,2026-09-29 13:53:46.662385,10.0,10.0,0,Delivered,Blue Dart Express,BD-99887766,100% units verified and intact.,2026-09-29 13:53:46.689795,CONFIRMED,35d91d0c4c2ff54faba9de443b162d19ac369eda53120eafc0615aacfad0c4b8,2026-09-29 13:53:46.708517
151,169,4,2026-10-12 00:00:00.000000,2026-09-29 00:00:00.000000,100.0,100.0,0,Delivered,DHL Express Freight,TRK-239256,Inspected at dock. Quantity verified against packing slip.,2026-09-29 14:14:01.247418,CONFIRMED,f293725cd6d9fbb3d1b23f5ed0dfd108ee40ea93fc596cd6b93a7b5b05f8ebb2,2026-09-29 14:14:01.272265
152,170,4,2026-10-06 14:19:51.449132,2026-09-29 14:19:51.449178,10.0,10.0,0,Delivered,Blue Dart Express,BD-99887766,100% units verified and intact.,2026-09-29 14:19:51.475608,CONFIRMED,f6d2858b884159b3a72f375b672f440dafdcb31085ae40c8db1e290de7aa4172,2026-09-29 14:19:51.494784
153,171,4,2026-10-06 14:33:22.268546,2026-09-29 14:33:22.268600,10.0,10.0,0,Delivered,Blue Dart Express,BD-99887766,100% units verified and intact.,2026-09-29 14:33:22.297761,CONFIRMED,c7ccaf43e019ec26dab4927a91db778d16b12207365ba451b5b5c64037a7a9b1,2026-09-29 14:33:22.320697
154,172,4,2026-09-28 00:00:00.000000,2026-10-01 00:00:00.000000,100.0,100.0,3,Delayed,DHL Express Freight,TRK-4646325,Inspected at dock. Quantity verified against packing slip.,2026-10-01 14:26:22.073881,CONFIRMED,dba36c9b2ac668b15ecea1048f578c35e8b495773c13a3d9a4858c73f8394bd1,2026-10-01 14:26:22.095411
155,172,4,2026-09-28 00:00:00.000000,2026-10-01 00:00:00.000000,100.0,100.0,3,Completed,DHL Express Freight,TRK-4646325,Inspected at dock. Quantity verified against packing slip.,2026-10-01 14:26:31.104708,CONFIRMED,4890bc1a10c1431958550e707ad7aff78afc3b377d3728979321879a8864e68b,2026-10-01 14:35:05.038978
156,173,4,2026-10-08 16:55:02.351280,2026-10-01 16:55:02.351319,10.0,10.0,0,Delivered,Blue Dart Express,BD-99887766,100% units verified and intact.,2026-10-01 16:55:02.383370,CONFIRMED,ab73ada6c73f125541ed2f8bcdc7c120d42876a866e1f4e31e54f759f864c67a,2026-10-01 16:55:02.404013
157,174,4,2026-10-15 00:00:00.000000,2026-10-14 10:00:00.000000,100.0,100.0,0,Completed,Global Freight Logistics,TRK-2026-88192,All 100 units inspected and received in pristine condition.,2026-10-01 17:00:15.137688,CONFIRMED,e96c00f23d5a8dcd4abb36cf3a4a1d89188ec6b88cf7f1572e7bb32b8f9a7a15,2026-10-01 17:00:15.238619
158,175,,2026-10-02 17:01:58.419914,2026-10-01 17:01:58.419960,20.0,20.0,0,Delivered,FedEx Express Logistics,TRK-987654321,,2026-10-01 17:01:58.424123,PENDING,,
159,178,4,2026-09-29 00:00:00.000000,2026-10-01 00:00:00.000000,100.0,100.0,2,Delayed,DHL Express Freight,TRK-5256090,Inspected at dock. Quantity verified against packing slip.,2026-10-01 17:21:54.193895,CONFIRMED,4d19cd0c59db438c446fed07729ee93a1cfcbf3a78d5f0b4e2ff1b2c0648e4d2,2026-10-01 17:21:54.212528
160,178,4,2026-09-29 00:00:00.000000,2026-10-01 00:00:00.000000,100.0,100.0,2,Delayed,DHL Express Freight,TRK-5256090,Inspected at dock. Quantity verified against packing slip.,2026-10-01 17:22:00.683713,CONFIRMED,611e6db77c84315beac7e29c0bd6b0d91ee2266aa3cfd7e77f942eaced247363,2026-10-01 17:22:00.692339
161,179,4,2026-10-08 17:49:36.958525,2026-10-01 17:49:36.958559,10.0,10.0,0,Delivered,Blue Dart Express,BD-99887766,100% units verified and intact.,2026-10-01 17:49:36.993750,CONFIRMED,d9fc13a51d8f8e6e48257ebbf5d0159f36d7223ea128b1655ee0a6ab508681da,2026-10-01 17:49:37.008971
162,180,4,2026-10-08 17:58:32.736797,2026-10-01 17:58:32.736830,10.0,10.0,0,Delivered,Blue Dart Express,BD-99887766,100% units verified and intact.,2026-10-01 17:58:32.772939,CONFIRMED,4bdf0b20159e210fb4b39362ae97db9d14530570d9744db6d3509da1c1b56c12,2026-10-01 17:58:32.788715
163,181,4,2026-10-08 18:02:25.736963,2026-10-01 18:02:25.737003,10.0,10.0,0,Delivered,Blue Dart Express,BD-99887766,100% units verified and intact.,2026-10-01 18:02:25.774267,CONFIRMED,e08315e2093339e9116ae7ac6e90edf7d3a35e216a796cac1edfdadcf77cb749,2026-10-01 18:02:25.788851
164,182,4,2026-10-15 00:00:00.000000,2026-10-14 10:00:00.000000,100.0,100.0,0,Completed,Global Freight Logistics,TRK-2026-88192,All 100 units inspected and received in pristine condition.,2026-10-01 18:02:32.527692,CONFIRMED,aa078f951c0bccc3195449d4faa0aaeb49f3b69557c66a7240f45495ab404ac6,2026-10-01 18:02:32.621878
165,1,4,2026-10-03 17:45:37.982087,2026-10-03 14:48:00.179061,79.0,79.0,0,Completed,DHL Express Freight,TRK-DHL-9921,Delivery receipt confirmed by Supply Chain Manager.,2026-10-03 14:48:00.206426,PENDING,,
