id,requisition_id,vendor_selection_id,approved_by_id,budget_allocated,status,rejection_reason,comments,approved_at,blockchain_status,blockchain_tx_hash,blockchain_confirmed_at
1,3,2,3,26500.0,Approved,,Budget approved against R&D operating grant account.,2026-09-21 17:45:37.975839,PENDING,,
2,7,5,3,11500.0,Approved,,Budget verified and authorized for procurement.,2026-09-21 17:54:57.948841,PENDING,,
3,8,6,3,11500.0,Approved,,Budget verified and authorized for procurement.,2026-09-21 17:55:45.787264,PENDING,,
4,9,7,3,11500.0,Approved,,Budget verified and authorized for procurement.,2026-09-21 17:56:17.283026,PENDING,,
5,10,8,3,11500.0,Approved,,Budget verified and authorized for procurement.,2026-09-21 17:57:04.085171,PENDING,,
6,11,9,3,11500.0,Approved,,Budget verified and authorized for procurement.,2026-09-21 18:05:36.668547,PENDING,,
7,12,10,3,11500.0,Approved,,Budget verified and authorized for procurement.,2026-09-21 18:06:45.405804,PENDING,,
8,23,20,3,2500000.0,Approved,,Budget verified against departmental operating expenditure account.,2026-09-22 14:01:02.627894,PENDING,,
9,26,18,3,2450000.0,Approved,,Budget verified against departmental operating expenditure account.,2026-09-22 14:33:50.290602,PENDING,,
10,25,17,3,2400000.0,Approved,,Budget verified against departmental operating expenditure account.,2026-09-22 14:34:08.036145,PENDING,,
11,29,22,3,145000.0,Approved,,Budget approved within organizational limits,2026-09-22 16:06:10.367964,PENDING,,
12,30,23,3,145000.0,Approved,,Budget approved within organizational limits,2026-09-22 16:06:31.117390,PENDING,,
13,13,25,3,15000.0,Approved,,Budget verified against departmental operating expenditure account.,2026-09-22 16:09:00.904947,PENDING,,
14,18,26,3,250000.0,Approved,,Budget verified against departmental operating expenditure account.,2026-09-22 17:35:16.671934,PENDING,,
15,32,27,3,2500.0,Approved,,Budget verified against departmental operating expenditure account.,2026-09-22 18:05:19.335994,PENDING,,
16,33,28,3,49977.0,Approved,,Budget verified against departmental operating expenditure account.,2026-09-22 18:17:20.128111,PENDING,,
17,35,30,3,145000.0,Approved,,Budget approved within organizational limits,2026-09-23 12:00:52.021803,PENDING,,
18,38,32,3,145000.0,Approved,,Budget approved within organizational limits,2026-09-23 12:24:42.766757,PENDING,,
19,37,33,3,2500.0,Approved,,Budget verified against departmental operating expenditure account.,2026-09-23 12:25:35.771212,CONFIRMED,ce0b7913dd94c43bba2c7e2ea04dc550936aac5e85f7e23b8b47a7b239d2d21b,2026-09-23 12:25:35.789668
20,39,34,3,48500.0,Approved,,Capital budget authorized under Engineering line-item.,2026-09-23 13:04:33.795285,CONFIRMED,cadd6a2c0c5ecb653be3b7caa973b727fcf7585bd18f87dc3e435eeff2c57554,2026-09-23 13:04:33.811840
21,40,35,3,25000.0,Approved,,Budget verified against departmental operating expenditure account.,2026-09-23 13:09:49.472409,CONFIRMED,16f653546aa2f802160c99f539091a8ba1ce41b46bfd37276192612d86af870b,2026-09-23 13:09:49.504811
22,42,37,3,2500.0,Approved,,Budget verified against departmental operating expenditure account.,2026-09-26 14:38:50.540395,CONFIRMED,82f399653ec2b17ed9c0ff4c61ba955bc48ff831be5db1834046ef97e9c31f4e,2026-09-26 14:38:50.563131
23,43,38,3,48500.0,Approved,,Capital budget authorized under Engineering line-item.,2026-09-27 05:04:55.651827,CONFIRMED,2c39ee17510ed7f5097826d213207909c1efb4e988d68e5ff4cc8d15eb3be1f8,2026-09-27 05:04:55.658959
24,44,39,3,2500.0,Approved,,Budget verified against departmental operating expenditure account.,2026-09-27 12:59:50.099928,CONFIRMED,e59c897eab4615e2ab6be0bc7a4a2c1c6dd0403fd69230b2831e9ec8b117e38c,2026-09-27 12:59:50.161331
25,45,40,3,145000.0,Approved,,Budget approved within organizational limits,2026-09-27 13:01:10.990992,PENDING,,
26,48,42,3,15400.0,Approved,,Approved from IT CapEx.,2026-09-27 13:09:02.002381,CONFIRMED,baa391c9ffbe0ca1606ff3af05a4ac6ef6a3b3a8901b5c1b2b432ae0dba3f8b8,2026-09-27 13:09:02.015018
27,49,43,3,145000.0,Approved,,Budget approved within organizational limits,2026-09-27 13:09:25.424451,PENDING,,
28,50,44,3,48500.0,Approved,,Capital budget authorized under Engineering line-item.,2026-09-27 13:09:35.886654,CONFIRMED,2628b1372118a041d92e5e0e75b7d45b7d7238f0783a8a3c887e5c97d9121d25,2026-09-27 13:09:35.899581
29,51,45,3,48500.0,Approved,,Capital budget authorized under Engineering line-item.,2026-09-27 13:12:01.493234,CONFIRMED,ea52898f1fb567d4ac84f95691d5844769e4c13000cf3ea7555ae9a978aa4242,2026-09-27 13:12:01.506422
30,53,47,3,15400.0,Approved,,Approved from IT CapEx.,2026-09-27 13:22:31.319867,CONFIRMED,31e72fd373a94e9223c53cab05285cfca46bd5838192212aa5e5ecea772e82cc,2026-09-27 13:22:31.335168
31,54,48,3,48500.0,Approved,,Capital budget authorized under Engineering line-item.,2026-09-27 13:22:41.165628,CONFIRMED,36f3e796a21e75099dec0f50d6abb9511187cb2cb0d76ff9f7e6af6fd5054a73,2026-09-27 13:22:41.178387
32,56,49,3,48500.0,Approved,,Capital budget authorized under Engineering line-item.,2026-09-27 14:18:11.570682,CONFIRMED,698671967b379230dc427999137aa4a0408c59fd313446d6ae5085f96ce196e3,2026-09-27 14:18:11.583310
33,57,50,3,48500.0,Approved,,Capital budget authorized under Engineering line-item.,2026-09-27 14:19:57.294297,CONFIRMED,c88aef93facf5f8ebc54f5b8db8b9ff32f17a11766853b17f4869445db3381be,2026-09-27 14:19:57.307410
34,58,51,3,48500.0,Approved,,Capital budget authorized under Engineering line-item.,2026-09-28 11:40:32.580508,CONFIRMED,f14ab09b5ce637a1371ad0d7a418bb35b77e1f12f83290fd30e87ac9adef5b4d,2026-09-28 11:40:32.600051
35,59,52,3,15400.0,Approved,,Approved from IT CapEx.,2026-09-28 11:45:32.020056,CONFIRMED,4eb8970870dc53f5954279ebb69e9bee0c3dea5740f4cbb2a2b910321b3389ff,2026-09-28 11:45:32.040915
36,60,53,3,48500.0,Approved,,Capital budget authorized under Engineering line-item.,2026-09-28 11:47:08.492782,CONFIRMED,8d68429091c1dd8ad42e8a76dacacec2f6fc4725095fe96c89ef1b24734b0127,2026-09-28 11:47:08.511439
37,61,54,3,48500.0,Approved,,Capital budget authorized under Engineering line-item.,2026-09-28 11:51:28.078666,CONFIRMED,81708f3394f9a949b1462f10b692a8f1c8977e7c563f9533038ad66e6d356333,2026-09-28 11:51:28.097026
38,52,46,3,2450000.0,Approved,,Budget verified against departmental operating expenditure account.,2026-09-28 12:01:48.806959,CONFIRMED,1a81ea49e913d5b08f5642791e4458ae715ebe0c5195c7d48c83abf96069000a,2026-09-28 12:01:48.894722
39,62,55,3,2500000.0,Approved,,Budget verified against departmental operating expenditure account.,2026-09-28 13:12:00.420071,CONFIRMED,5652e99b8147b4036ada3de2720838ccdb81932ca141354d6f793a991639c575,2026-09-28 13:12:00.430644
40,63,56,3,48500.0,Approved,,Capital budget authorized under Engineering line-item.,2026-09-29 11:42:55.403016,CONFIRMED,354acb0851bfc40683493ff0ece68c8015bf3b1c2e6430db10dc2c0c9d26f45e,2026-09-29 11:42:55.412045
41,64,57,3,48500.0,Approved,,Capital budget authorized under Engineering line-item.,2026-09-29 12:30:42.584556,CONFIRMED,9e7dec1000c814651929176cc618cb35e9fcfb5c6d8e08a938133c0861804bb0,2026-09-29 12:30:42.598876
42,65,58,3,48500.0,Approved,,Capital budget authorized under Engineering line-item.,2026-09-29 13:02:51.337289,CONFIRMED,803c7f6559fc3adc042db607b6ea4c1bf1deec80e988a59d0c29745b55a4c871,2026-09-29 13:02:51.352351
43,66,59,3,48500.0,Approved,,Capital budget authorized under Engineering line-item.,2026-09-29 13:53:46.555147,CONFIRMED,323c8157cdbc7882b708e031883b6ead61b51ff25399c898ab3d762ed693f10b,2026-09-29 13:53:46.568070
44,67,60,3,24977.0,Approved,,Budget verified against departmental operating expenditure account.,2026-09-29 14:11:51.998885,CONFIRMED,62004f68a21020734f107858753cf32d8400be55c694caab4b78e7566b76fe5d,2026-09-29 14:11:52.026486
45,68,61,3,48500.0,Approved,,Capital budget authorized under Engineering line-item.,2026-09-29 14:19:51.344061,CONFIRMED,2326cc1cd8f9890d4214cecdf5da7b5eca07f898aa0546c1ff054472d00e5a0c,2026-09-29 14:19:51.356677
46,69,62,3,48500.0,Approved,,Capital budget authorized under Engineering line-item.,2026-09-29 14:33:22.106102,CONFIRMED,62e5ce8d3f46475ab01bc90f59935b3a4242d65e8eb81a312bc47755b30d9021,2026-09-29 14:33:22.153979
47,70,63,3,250.0,Approved,,Budget verified against departmental operating expenditure account.,2026-10-01 14:19:36.822630,CONFIRMED,875fba63544ce5d17ec696a875c0e56d69c19b0de544723dd5c7127778aeb7ff,2026-10-01 14:19:36.841626
48,41,36,3,25000.0,Approved,,Budget verified against departmental operating expenditure account.,2026-10-01 14:29:53.583690,CONFIRMED,dfd2d1556dedc7029016b17dfd2a892d1fe72ade145c08fc541691a9e2212023,2026-10-01 14:29:53.595907
49,36,31,3,2450000.0,Approved,,Budget verified against departmental operating expenditure account.,2026-10-01 14:32:06.481206,CONFIRMED,b7619dc8b6f29df934dcf6c468d8542a0c32a14449ffaaa346cc73b789ae591b,2026-10-01 14:32:06.491811
50,71,64,3,48500.0,Approved,,Capital budget authorized under Engineering line-item.,2026-10-01 16:55:02.230124,CONFIRMED,ff7b22cf546a976ff83c811857b53952caa2b969505c82a7c31fcdece5f88efd,2026-10-01 16:55:02.249996
51,73,65,3,11500.0,Approved,,Budget verified and authorized for procurement.,2026-10-01 17:00:14.992492,CONFIRMED,68bd71ab36378d60a49f98e64ea180ae4dbf8ee9c8b26228519b08ad583b1f20,2026-10-01 17:00:15.009328
52,74,66,3,145000.0,Approved,,Budget approved within organizational limits,2026-10-01 17:01:58.380728,PENDING,,
53,77,68,3,15400.0,Approved,,Approved from IT CapEx.,2026-10-01 17:04:14.933660,CONFIRMED,ea5c2061bc6f6f3b56b6c7dd3648c8024623cf9ed7c283b118dfc64b2ffeb6e9,2026-10-01 17:04:14.947852
54,78,69,3,15400.0,Approved,,Approved from IT CapEx.,2026-10-01 17:04:31.324552,CONFIRMED,5be887d04e830cb6c3e15eee962bf28b2a6566fec964f9e9d414e5128472e318,2026-10-01 17:04:31.338403
55,76,70,3,16000.0,Approved,,Budget verified against departmental operating expenditure account.,2026-10-01 17:18:05.225403,CONFIRMED,ec892d8404625b907d1af97ccab27de26f010053a307a946fccbfa4043f77713,2026-10-01 17:18:05.245812
56,81,71,3,48500.0,Approved,,Capital budget authorized under Engineering line-item.,2026-10-01 17:49:36.846533,CONFIRMED,8cd02c1c19257c91ef318669ebc2d61452601cdbaa0a543aa184a430a5319b76,2026-10-01 17:49:36.860434
57,82,72,3,48500.0,Approved,,Capital budget authorized under Engineering line-item.,2026-10-01 17:58:32.617771,CONFIRMED,3b6e183ebb30bc75a49ef2abb54e51cd9e6630bc82702f58f1fd16aa127809b2,2026-10-01 17:58:32.631188
58,87,74,3,48500.0,Approved,,Capital budget authorized under Engineering line-item.,2026-10-01 18:02:25.622670,CONFIRMED,5182fa727832a34ba86cf5a113a43a4e535608bde0cb7126aced5b9665a66178,2026-10-01 18:02:25.635694
59,88,75,3,11500.0,Approved,,Budget verified and authorized for procurement.,2026-10-01 18:02:32.376493,CONFIRMED,79deddd7d4e5b6feabf1ff7e1599cb7e51db691e0739b97b62a5c11868be3098,2026-10-01 18:02:32.394028
60,89,76,3,250000.0,Approved,,Budget verified against departmental operating expenditure account.,2026-10-03 17:33:47.430988,CONFIRMED,4d02d8d1415247b57031e5090bf3e0c22068447248811e91bfec751713783839,2026-10-03 17:33:47.448144
