id,invoice_number,purchase_order_id,vendor_id,amount,status,three_way_match_status,verified_by_id,verified_at,issue_date,due_date,paid_date,payment_method,notes,created_at,blockchain_status,blockchain_tx_hash,blockchain_confirmed_at
1,INV-2026-0001,3,3,12500.0,INVOICE_RECEIVED,PENDING,,,2026-09-21 17:45:37.993879,,,,Awaiting 3-way match verification by Finance Officer.,2026-09-21 17:45:37.993884,PENDING,,
2,INV-2026-0002,4,1,54000.0,PAID,MATCHED,,,2026-09-21 17:45:38.000039,,2026-09-11 17:45:37.999453,Electronic Funds Transfer,,2026-09-21 17:45:38.000042,PENDING,,
3,INV-2026-0003,5,4,22400.0,INVOICE_RECEIVED,PENDING,,,2026-09-21 17:45:38.017849,,,,Invoice submitted for partial shipment of 70 units.,2026-09-21 17:45:38.017852,PENDING,,
4,INV-2026-0004,9,1,11500.0,PAID,MATCHED,3,2026-09-21 17:57:04.335026,2026-09-21 17:57:04.236515,,2026-09-21 17:57:04.347163,Wire Transfer,"3-Way Match verified: PO, physical delivery, and invoice values match completely.",2026-09-21 17:57:04.236519,PENDING,,
5,INV-2026-0005,10,1,11500.0,PAID,MATCHED,3,2026-09-21 18:05:36.870188,2026-09-21 18:05:36.798349,,2026-09-21 18:06:26.729615,Wire Transfer,"3-Way Match verified: PO, physical delivery, and invoice values match completely.",2026-09-21 18:05:36.798353,PENDING,,
6,INV-2026-0006,11,1,11500.0,PAID,MATCHED,3,2026-09-21 18:06:45.585221,2026-09-21 18:06:45.519733,,2026-09-21 18:06:45.597830,Wire Transfer,"3-Way Match verified: PO, physical delivery, and invoice values match completely.",2026-09-21 18:06:45.519736,PENDING,,
7,INV-16-0001,12,16,400000.0,PAID,MATCHED,,,2026-03-22 12:12:01.954181,,2026-04-06 12:12:01.954181,Electronic Funds Transfer,,2026-09-22 12:12:01.964761,PENDING,,
8,INV-16-0002,13,16,500000.0,PAID,MATCHED,,,2026-03-25 12:12:01.959710,,2026-04-09 12:12:01.959710,Electronic Funds Transfer,,2026-09-22 12:12:01.968964,PENDING,,
9,INV-16-0003,14,16,500000.0,PAID,MATCHED,,,2026-03-25 12:12:01.967759,,2026-04-09 12:12:01.967759,Electronic Funds Transfer,,2026-09-22 12:12:01.972109,PENDING,,
10,INV-16-0004,15,16,500000.0,PAID,MATCHED,,,2026-03-28 12:12:01.971104,,2026-04-12 12:12:01.971104,Electronic Funds Transfer,,2026-09-22 12:12:01.975137,PENDING,,
11,INV-16-0005,16,16,500000.0,PAID,MATCHED,,,2026-03-31 12:12:01.974190,,2026-04-15 12:12:01.974190,Electronic Funds Transfer,,2026-09-22 12:12:01.978363,PENDING,,
12,INV-16-0006,17,16,500000.0,PAID,MATCHED,,,2026-04-03 12:12:01.977056,,2026-04-18 12:12:01.977056,Electronic Funds Transfer,,2026-09-22 12:12:01.981491,PENDING,,
13,INV-16-0007,18,16,500000.0,PAID,MATCHED,,,2026-04-06 12:12:01.980495,,2026-04-21 12:12:01.980495,Electronic Funds Transfer,,2026-09-22 12:12:01.984944,PENDING,,
14,INV-16-0008,19,16,500000.0,PAID,MATCHED,,,2026-04-09 12:12:01.983729,,2026-04-24 12:12:01.983729,Electronic Funds Transfer,,2026-09-22 12:12:01.988348,PENDING,,
15,INV-16-0009,20,16,500000.0,PAID,MATCHED,,,2026-04-12 12:12:01.987371,,2026-04-27 12:12:01.987371,Electronic Funds Transfer,,2026-09-22 12:12:01.991194,PENDING,,
16,INV-16-0010,21,16,500000.0,PAID,MATCHED,,,2026-04-15 12:12:01.990248,,2026-04-30 12:12:01.990248,Electronic Funds Transfer,,2026-09-22 12:12:01.995321,PENDING,,
17,INV-16-0011,22,16,500000.0,PAID,MATCHED,,,2026-04-18 12:12:01.993798,,2026-05-03 12:12:01.993798,Electronic Funds Transfer,,2026-09-22 12:12:01.998561,PENDING,,
18,INV-16-0012,23,16,500000.0,PAID,MATCHED,,,2026-04-21 12:12:01.997587,,2026-05-06 12:12:01.997587,Electronic Funds Transfer,,2026-09-22 12:12:02.001764,PENDING,,
19,INV-16-0013,24,16,500000.0,PAID,MATCHED,,,2026-04-24 12:12:02.000686,,2026-05-09 12:12:02.000686,Electronic Funds Transfer,,2026-09-22 12:12:02.005017,PENDING,,
20,INV-16-0014,25,16,500000.0,PAID,MATCHED,,,2026-04-27 12:12:02.004020,,2026-05-12 12:12:02.004020,Electronic Funds Transfer,,2026-09-22 12:12:02.008062,PENDING,,
21,INV-16-0015,26,16,500000.0,PAID,MATCHED,,,2026-04-30 12:12:02.007087,,2026-05-15 12:12:02.007087,Electronic Funds Transfer,,2026-09-22 12:12:02.011491,PENDING,,
22,INV-16-0016,27,16,500000.0,PAID,MATCHED,,,2026-05-03 12:12:02.010508,,2026-05-18 12:12:02.010508,Electronic Funds Transfer,,2026-09-22 12:12:02.014446,PENDING,,
23,INV-16-0017,28,16,500000.0,PAID,MATCHED,,,2026-05-06 12:12:02.013468,,2026-05-21 12:12:02.013468,Electronic Funds Transfer,,2026-09-22 12:12:02.017438,PENDING,,
24,INV-16-0018,29,16,500000.0,PAID,MATCHED,,,2026-05-09 12:12:02.016347,,2026-05-24 12:12:02.016347,Electronic Funds Transfer,,2026-09-22 12:12:02.020861,PENDING,,
25,INV-16-0019,30,16,500000.0,PAID,MATCHED,,,2026-05-12 12:12:02.019870,,2026-05-27 12:12:02.019870,Electronic Funds Transfer,,2026-09-22 12:12:02.023797,PENDING,,
26,INV-16-0020,31,16,500000.0,PAID,MATCHED,,,2026-05-15 12:12:02.022776,,2026-05-30 12:12:02.022776,Electronic Funds Transfer,,2026-09-22 12:12:02.027466,PENDING,,
27,INV-16-0021,32,16,500000.0,PAID,MATCHED,,,2026-05-18 12:12:02.026086,,2026-06-02 12:12:02.026086,Electronic Funds Transfer,,2026-09-22 12:12:02.031438,PENDING,,
28,INV-16-0022,33,16,500000.0,PAID,MATCHED,,,2026-05-21 12:12:02.030286,,2026-06-05 12:12:02.030286,Electronic Funds Transfer,,2026-09-22 12:12:02.034870,PENDING,,
29,INV-16-0023,34,16,500000.0,PAID,MATCHED,,,2026-05-24 12:12:02.033763,,2026-06-08 12:12:02.033763,Electronic Funds Transfer,,2026-09-22 12:12:02.038296,PENDING,,
30,INV-16-0024,35,16,500000.0,PAID,MATCHED,,,2026-05-27 12:12:02.037222,,2026-06-11 12:12:02.037222,Electronic Funds Transfer,,2026-09-22 12:12:02.041498,PENDING,,
31,INV-16-0025,36,16,500000.0,PAID,MATCHED,,,2026-05-30 12:12:02.040524,,2026-06-14 12:12:02.040524,Electronic Funds Transfer,,2026-09-22 12:12:02.044506,PENDING,,
32,INV-16-0026,37,16,500000.0,PAID,MATCHED,,,2026-06-02 12:12:02.043545,,2026-06-17 12:12:02.043545,Electronic Funds Transfer,,2026-09-22 12:12:02.047448,PENDING,,
33,INV-16-0027,38,16,500000.0,PAID,MATCHED,,,2026-06-05 12:12:02.046518,,2026-06-20 12:12:02.046518,Electronic Funds Transfer,,2026-09-22 12:12:02.050328,PENDING,,
34,INV-16-0028,39,16,500000.0,PAID,MATCHED,,,2026-06-08 12:12:02.049388,,2026-06-23 12:12:02.049388,Electronic Funds Transfer,,2026-09-22 12:12:02.053286,PENDING,,
35,INV-16-0029,40,16,500000.0,PAID,MATCHED,,,2026-06-11 12:12:02.052264,,2026-06-26 12:12:02.052264,Electronic Funds Transfer,,2026-09-22 12:12:02.056936,PENDING,,
36,INV-16-0030,41,16,500000.0,PAID,MATCHED,,,2026-06-14 12:12:02.055549,,2026-06-29 12:12:02.055549,Electronic Funds Transfer,,2026-09-22 12:12:02.060045,PENDING,,
37,INV-16-0031,42,16,500000.0,PAID,MATCHED,,,2026-06-17 12:12:02.058995,,2026-07-02 12:12:02.058995,Electronic Funds Transfer,,2026-09-22 12:12:02.063427,PENDING,,
38,INV-16-0032,43,16,500000.0,PAID,MATCHED,,,2026-06-20 12:12:02.062363,,2026-07-05 12:12:02.062363,Electronic Funds Transfer,,2026-09-22 12:12:02.066525,PENDING,,
39,INV-16-0033,44,16,500000.0,PAID,MATCHED,,,2026-06-23 12:12:02.065481,,2026-07-08 12:12:02.065481,Electronic Funds Transfer,,2026-09-22 12:12:02.070485,PENDING,,
40,INV-16-0034,45,16,500000.0,PAID,MATCHED,,,2026-06-26 12:12:02.069257,,2026-07-11 12:12:02.069257,Electronic Funds Transfer,,2026-09-22 12:12:02.074604,PENDING,,
41,INV-16-0035,46,16,500000.0,PAID,MATCHED,,,2026-06-29 12:12:02.073488,,2026-07-14 12:12:02.073488,Electronic Funds Transfer,,2026-09-22 12:12:02.077999,PENDING,,
42,INV-16-0036,47,16,500000.0,PAID,MATCHED,,,2026-07-02 12:12:02.076914,,2026-07-17 12:12:02.076914,Electronic Funds Transfer,,2026-09-22 12:12:02.081289,PENDING,,
43,INV-16-0037,48,16,500000.0,PAID,MATCHED,,,2026-07-05 12:12:02.080256,,2026-07-20 12:12:02.080256,Electronic Funds Transfer,,2026-09-22 12:12:02.084798,PENDING,,
44,INV-16-0038,49,16,500000.0,PAID,MATCHED,,,2026-07-08 12:12:02.083689,,2026-07-23 12:12:02.083689,Electronic Funds Transfer,,2026-09-22 12:12:02.088505,PENDING,,
45,INV-16-0039,50,16,500000.0,PAID,MATCHED,,,2026-07-11 12:12:02.087229,,2026-07-26 12:12:02.087229,Electronic Funds Transfer,,2026-09-22 12:12:02.092853,PENDING,,
46,INV-16-0040,51,16,500000.0,PAID,MATCHED,,,2026-07-14 12:12:02.091619,,2026-07-29 12:12:02.091619,Electronic Funds Transfer,,2026-09-22 12:12:02.098453,PENDING,,
47,INV-16-0041,52,16,500000.0,PAID,MATCHED,,,2026-07-17 12:12:02.096516,,2026-08-01 12:12:02.096516,Electronic Funds Transfer,,2026-09-22 12:12:02.104417,PENDING,,
48,INV-16-0042,53,16,500000.0,PAID,MATCHED,,,2026-07-20 12:12:02.102481,,2026-08-04 12:12:02.102481,Electronic Funds Transfer,,2026-09-22 12:12:02.109045,PENDING,,
49,INV-16-0043,54,16,500000.0,PAID,MATCHED,,,2026-07-23 12:12:02.107853,,2026-08-07 12:12:02.107853,Electronic Funds Transfer,,2026-09-22 12:12:02.112980,PENDING,,
50,INV-16-0044,55,16,500000.0,PAID,MATCHED,,,2026-07-26 12:12:02.111609,,2026-08-10 12:12:02.111609,Electronic Funds Transfer,,2026-09-22 12:12:02.118862,PENDING,,
51,INV-16-0045,56,16,500000.0,PAID,MATCHED,,,2026-07-29 12:12:02.116577,,2026-08-13 12:12:02.116577,Electronic Funds Transfer,,2026-09-22 12:12:02.125627,PENDING,,
52,INV-16-0046,57,16,500000.0,PAID,MATCHED,,,2026-08-01 12:12:02.123481,,2026-08-16 12:12:02.123481,Electronic Funds Transfer,,2026-09-22 12:12:02.131062,PENDING,,
53,INV-16-0047,58,16,500000.0,PAID,MATCHED,,,2026-08-04 12:12:02.129832,,2026-08-19 12:12:02.129832,Electronic Funds Transfer,,2026-09-22 12:12:02.135582,PENDING,,
54,INV-16-0048,59,16,500000.0,PAID,MATCHED,,,2026-08-07 12:12:02.133960,,2026-08-22 12:12:02.133960,Electronic Funds Transfer,,2026-09-22 12:12:02.139860,PENDING,,
55,INV-17-0001,60,17,384000.0,PAID,MATCHED,,,2026-03-22 12:12:02.141989,,2026-04-06 12:12:02.141989,Electronic Funds Transfer,,2026-09-22 12:12:02.147361,PENDING,,
56,INV-17-0002,61,17,384000.0,PAID,MATCHED,,,2026-03-25 12:12:02.145648,,2026-04-09 12:12:02.145648,Electronic Funds Transfer,,2026-09-22 12:12:02.154640,PENDING,,
57,INV-17-0003,62,17,384000.0,PAID,MATCHED,,,2026-03-28 12:12:02.152382,,2026-04-12 12:12:02.152382,Electronic Funds Transfer,,2026-09-22 12:12:02.159113,PENDING,,
58,INV-17-0004,63,17,480000.0,PAID,MATCHED,,,2026-03-31 12:12:02.157704,,2026-04-15 12:12:02.157704,Electronic Funds Transfer,,2026-09-22 12:12:02.164202,PENDING,,
59,INV-17-0005,64,17,480000.0,PAID,MATCHED,,,2026-04-03 12:12:02.162732,,2026-04-18 12:12:02.162732,Electronic Funds Transfer,,2026-09-22 12:12:02.170308,PENDING,,
60,INV-17-0006,65,17,480000.0,PAID,MATCHED,,,2026-04-06 12:12:02.168631,,2026-04-21 12:12:02.168631,Electronic Funds Transfer,,2026-09-22 12:12:02.176072,PENDING,,
61,INV-17-0007,66,17,480000.0,PAID,MATCHED,,,2026-04-06 12:12:02.173997,,2026-04-21 12:12:02.173997,Electronic Funds Transfer,,2026-09-22 12:12:02.181862,PENDING,,
62,INV-17-0008,67,17,480000.0,PAID,MATCHED,,,2026-04-09 12:12:02.180229,,2026-04-24 12:12:02.180229,Electronic Funds Transfer,,2026-09-22 12:12:02.187468,PENDING,,
63,INV-17-0009,68,17,480000.0,PAID,MATCHED,,,2026-04-12 12:12:02.185481,,2026-04-27 12:12:02.185481,Electronic Funds Transfer,,2026-09-22 12:12:02.193721,PENDING,,
64,INV-17-0010,69,17,480000.0,PAID,MATCHED,,,2026-04-15 12:12:02.191793,,2026-04-30 12:12:02.191793,Electronic Funds Transfer,,2026-09-22 12:12:02.199407,PENDING,,
65,INV-17-0011,70,17,480000.0,PAID,MATCHED,,,2026-04-18 12:12:02.197574,,2026-05-03 12:12:02.197574,Electronic Funds Transfer,,2026-09-22 12:12:02.205067,PENDING,,
66,INV-17-0012,71,17,480000.0,PAID,MATCHED,,,2026-04-21 12:12:02.203663,,2026-05-06 12:12:02.203663,Electronic Funds Transfer,,2026-09-22 12:12:02.212422,PENDING,,
67,INV-17-0013,72,17,480000.0,PAID,MATCHED,,,2026-04-24 12:12:02.210852,,2026-05-09 12:12:02.210852,Electronic Funds Transfer,,2026-09-22 12:12:02.218085,PENDING,,
68,INV-17-0014,73,17,480000.0,PAID,MATCHED,,,2026-04-27 12:12:02.215836,,2026-05-12 12:12:02.215836,Electronic Funds Transfer,,2026-09-22 12:12:02.224165,PENDING,,
69,INV-17-0015,74,17,480000.0,PAID,MATCHED,,,2026-04-30 12:12:02.222361,,2026-05-15 12:12:02.222361,Electronic Funds Transfer,,2026-09-22 12:12:02.230450,PENDING,,
70,INV-17-0016,75,17,480000.0,PAID,MATCHED,,,2026-05-03 12:12:02.228552,,2026-05-18 12:12:02.228552,Electronic Funds Transfer,,2026-09-22 12:12:02.237918,PENDING,,
71,INV-17-0017,76,17,480000.0,PAID,MATCHED,,,2026-05-06 12:12:02.235913,,2026-05-21 12:12:02.235913,Electronic Funds Transfer,,2026-09-22 12:12:02.244828,PENDING,,
72,INV-17-0018,77,17,480000.0,PAID,MATCHED,,,2026-05-09 12:12:02.242824,,2026-05-24 12:12:02.242824,Electronic Funds Transfer,,2026-09-22 12:12:02.250982,PENDING,,
73,INV-17-0019,78,17,480000.0,PAID,MATCHED,,,2026-05-12 12:12:02.249238,,2026-05-27 12:12:02.249238,Electronic Funds Transfer,,2026-09-22 12:12:02.256293,PENDING,,
74,INV-17-0020,79,17,480000.0,PAID,MATCHED,,,2026-05-15 12:12:02.254539,,2026-05-30 12:12:02.254539,Electronic Funds Transfer,,2026-09-22 12:12:02.262501,PENDING,,
75,INV-17-0021,80,17,480000.0,PAID,MATCHED,,,2026-05-18 12:12:02.260487,,2026-06-02 12:12:02.260487,Electronic Funds Transfer,,2026-09-22 12:12:02.268280,PENDING,,
76,INV-17-0022,81,17,480000.0,PAID,MATCHED,,,2026-05-21 12:12:02.266568,,2026-06-05 12:12:02.266568,Electronic Funds Transfer,,2026-09-22 12:12:02.273608,PENDING,,
77,INV-17-0023,82,17,480000.0,PAID,MATCHED,,,2026-05-24 12:12:02.271904,,2026-06-08 12:12:02.271904,Electronic Funds Transfer,,2026-09-22 12:12:02.278489,PENDING,,
78,INV-17-0024,83,17,480000.0,PAID,MATCHED,,,2026-05-27 12:12:02.277137,,2026-06-11 12:12:02.277137,Electronic Funds Transfer,,2026-09-22 12:12:02.282675,PENDING,,
79,INV-17-0025,84,17,480000.0,PAID,MATCHED,,,2026-05-30 12:12:02.281034,,2026-06-14 12:12:02.281034,Electronic Funds Transfer,,2026-09-22 12:12:02.289721,PENDING,,
80,INV-17-0026,85,17,480000.0,PAID,MATCHED,,,2026-06-02 12:12:02.286833,,2026-06-17 12:12:02.286833,Electronic Funds Transfer,,2026-09-22 12:12:02.295457,PENDING,,
81,INV-17-0027,86,17,480000.0,PAID,MATCHED,,,2026-06-05 12:12:02.293652,,2026-06-20 12:12:02.293652,Electronic Funds Transfer,,2026-09-22 12:12:02.300389,PENDING,,
82,INV-17-0028,87,17,480000.0,PAID,MATCHED,,,2026-06-08 12:12:02.298836,,2026-06-23 12:12:02.298836,Electronic Funds Transfer,,2026-09-22 12:12:02.304809,PENDING,,
83,INV-17-0029,88,17,480000.0,PAID,MATCHED,,,2026-06-11 12:12:02.303653,,2026-06-26 12:12:02.303653,Electronic Funds Transfer,,2026-09-22 12:12:02.308217,PENDING,,
84,INV-17-0030,89,17,480000.0,PAID,MATCHED,,,2026-06-14 12:12:02.307133,,2026-06-29 12:12:02.307133,Electronic Funds Transfer,,2026-09-22 12:12:02.311470,PENDING,,
85,INV-17-0031,90,17,480000.0,PAID,MATCHED,,,2026-06-17 12:12:02.310443,,2026-07-02 12:12:02.310443,Electronic Funds Transfer,,2026-09-22 12:12:02.315092,PENDING,,
86,INV-17-0032,91,17,480000.0,PAID,MATCHED,,,2026-06-20 12:12:02.314028,,2026-07-05 12:12:02.314028,Electronic Funds Transfer,,2026-09-22 12:12:02.318689,PENDING,,
87,INV-17-0033,92,17,480000.0,PAID,MATCHED,,,2026-06-23 12:12:02.317420,,2026-07-08 12:12:02.317420,Electronic Funds Transfer,,2026-09-22 12:12:02.322513,PENDING,,
88,INV-17-0034,93,17,480000.0,PAID,MATCHED,,,2026-06-26 12:12:02.321155,,2026-07-11 12:12:02.321155,Electronic Funds Transfer,,2026-09-22 12:12:02.328048,PENDING,,
89,INV-17-0035,94,17,480000.0,PAID,MATCHED,,,2026-06-29 12:12:02.326604,,2026-07-14 12:12:02.326604,Electronic Funds Transfer,,2026-09-22 12:12:02.332475,PENDING,,
90,INV-17-0036,95,17,480000.0,PAID,MATCHED,,,2026-07-02 12:12:02.330988,,2026-07-17 12:12:02.330988,Electronic Funds Transfer,,2026-09-22 12:12:02.338202,PENDING,,
91,INV-17-0037,96,17,480000.0,PAID,MATCHED,,,2026-07-05 12:12:02.336606,,2026-07-20 12:12:02.336606,Electronic Funds Transfer,,2026-09-22 12:12:02.342487,PENDING,,
92,INV-17-0038,97,17,480000.0,PAID,MATCHED,,,2026-07-08 12:12:02.341089,,2026-07-23 12:12:02.341089,Electronic Funds Transfer,,2026-09-22 12:12:02.346496,PENDING,,
93,INV-17-0039,98,17,480000.0,PAID,MATCHED,,,2026-07-11 12:12:02.345196,,2026-07-26 12:12:02.345196,Electronic Funds Transfer,,2026-09-22 12:12:02.350698,PENDING,,
94,INV-17-0040,99,17,480000.0,PAID,MATCHED,,,2026-07-14 12:12:02.349222,,2026-07-29 12:12:02.349222,Electronic Funds Transfer,,2026-09-22 12:12:02.354925,PENDING,,
95,INV-18-0001,100,18,376000.0,PAID,MATCHED,,,2026-03-22 12:12:02.357381,,2026-04-06 12:12:02.357381,Electronic Funds Transfer,,2026-09-22 12:12:02.363585,PENDING,,
96,INV-18-0002,101,18,376000.0,PAID,MATCHED,,,2026-03-25 12:12:02.362045,,2026-04-09 12:12:02.362045,Electronic Funds Transfer,,2026-09-22 12:12:02.369403,PENDING,,
97,INV-18-0003,102,18,376000.0,PAID,MATCHED,,,2026-03-28 12:12:02.367395,,2026-04-12 12:12:02.367395,Electronic Funds Transfer,,2026-09-22 12:12:02.375171,PENDING,,
98,INV-18-0004,103,18,376000.0,PAID,MATCHED,,,2026-03-31 12:12:02.373124,,2026-04-15 12:12:02.373124,Electronic Funds Transfer,,2026-09-22 12:12:02.384147,PENDING,,
99,INV-18-0005,104,18,376000.0,PAID,MATCHED,,,2026-04-03 12:12:02.381625,,2026-04-18 12:12:02.381625,Electronic Funds Transfer,,2026-09-22 12:12:02.391156,PENDING,,
100,INV-18-0006,105,18,470000.0,PAID,MATCHED,,,2026-04-06 12:12:02.388936,,2026-04-21 12:12:02.388936,Electronic Funds Transfer,,2026-09-22 12:12:02.398750,PENDING,,
101,INV-18-0007,106,18,470000.0,PAID,MATCHED,,,2026-04-09 12:12:02.396647,,2026-04-24 12:12:02.396647,Electronic Funds Transfer,,2026-09-22 12:12:02.405693,PENDING,,
102,INV-18-0008,107,18,470000.0,PAID,MATCHED,,,2026-04-12 12:12:02.403622,,2026-04-27 12:12:02.403622,Electronic Funds Transfer,,2026-09-22 12:12:02.412218,PENDING,,
103,INV-18-0009,108,18,470000.0,PAID,MATCHED,,,2026-04-15 12:12:02.409921,,2026-04-30 12:12:02.409921,Electronic Funds Transfer,,2026-09-22 12:12:02.418825,PENDING,,
104,INV-18-0010,109,18,470000.0,PAID,MATCHED,,,2026-04-15 12:12:02.416363,,2026-04-30 12:12:02.416363,Electronic Funds Transfer,,2026-09-22 12:12:02.425528,PENDING,,
105,INV-18-0011,110,18,470000.0,PAID,MATCHED,,,2026-04-18 12:12:02.423359,,2026-05-03 12:12:02.423359,Electronic Funds Transfer,,2026-09-22 12:12:02.432459,PENDING,,
106,INV-18-0012,111,18,470000.0,PAID,MATCHED,,,2026-04-21 12:12:02.430605,,2026-05-06 12:12:02.430605,Electronic Funds Transfer,,2026-09-22 12:12:02.440284,PENDING,,
107,INV-18-0013,112,18,470000.0,PAID,MATCHED,,,2026-04-24 12:12:02.438110,,2026-05-09 12:12:02.438110,Electronic Funds Transfer,,2026-09-22 12:12:02.448155,PENDING,,
108,INV-18-0014,113,18,470000.0,PAID,MATCHED,,,2026-04-27 12:12:02.446109,,2026-05-12 12:12:02.446109,Electronic Funds Transfer,,2026-09-22 12:12:02.456721,PENDING,,
109,INV-18-0015,114,18,470000.0,PAID,MATCHED,,,2026-04-30 12:12:02.454742,,2026-05-15 12:12:02.454742,Electronic Funds Transfer,,2026-09-22 12:12:02.462988,PENDING,,
110,INV-18-0016,115,18,470000.0,PAID,MATCHED,,,2026-05-03 12:12:02.461037,,2026-05-18 12:12:02.461037,Electronic Funds Transfer,,2026-09-22 12:12:02.471158,PENDING,,
111,INV-18-0017,116,18,470000.0,PAID,MATCHED,,,2026-05-06 12:12:02.468880,,2026-05-21 12:12:02.468880,Electronic Funds Transfer,,2026-09-22 12:12:02.479579,PENDING,,
112,INV-18-0018,117,18,470000.0,PAID,MATCHED,,,2026-05-09 12:12:02.477461,,2026-05-24 12:12:02.477461,Electronic Funds Transfer,,2026-09-22 12:12:02.486523,PENDING,,
113,INV-18-0019,118,18,470000.0,PAID,MATCHED,,,2026-05-12 12:12:02.484489,,2026-05-27 12:12:02.484489,Electronic Funds Transfer,,2026-09-22 12:12:02.492992,PENDING,,
114,INV-18-0020,119,18,470000.0,PAID,MATCHED,,,2026-05-15 12:12:02.490702,,2026-05-30 12:12:02.490702,Electronic Funds Transfer,,2026-09-22 12:12:02.499952,PENDING,,
115,INV-18-0021,120,18,470000.0,PAID,MATCHED,,,2026-05-18 12:12:02.497461,,2026-06-02 12:12:02.497461,Electronic Funds Transfer,,2026-09-22 12:12:02.505699,PENDING,,
116,INV-18-0022,121,18,470000.0,PAID,MATCHED,,,2026-05-21 12:12:02.504302,,2026-06-05 12:12:02.504302,Electronic Funds Transfer,,2026-09-22 12:12:02.511873,PENDING,,
117,INV-18-0023,122,18,470000.0,PAID,MATCHED,,,2026-05-24 12:12:02.510000,,2026-06-08 12:12:02.510000,Electronic Funds Transfer,,2026-09-22 12:12:02.533008,PENDING,,
118,INV-18-0024,123,18,470000.0,PAID,MATCHED,,,2026-05-27 12:12:02.531252,,2026-06-11 12:12:02.531252,Electronic Funds Transfer,,2026-09-22 12:12:02.543115,PENDING,,
119,INV-18-0025,124,18,470000.0,PAID,MATCHED,,,2026-05-30 12:12:02.540548,,2026-06-14 12:12:02.540548,Electronic Funds Transfer,,2026-09-22 12:12:02.550028,PENDING,,
120,INV-18-0026,125,18,470000.0,PAID,MATCHED,,,2026-06-02 12:12:02.547425,,2026-06-17 12:12:02.547425,Electronic Funds Transfer,,2026-09-22 12:12:02.556694,PENDING,,
121,INV-18-0027,126,18,470000.0,PAID,MATCHED,,,2026-06-05 12:12:02.554849,,2026-06-20 12:12:02.554849,Electronic Funds Transfer,,2026-09-22 12:12:02.561643,PENDING,,
122,INV-18-0028,127,18,470000.0,PAID,MATCHED,,,2026-06-08 12:12:02.560161,,2026-06-23 12:12:02.560161,Electronic Funds Transfer,,2026-09-22 12:12:02.566249,PENDING,,
123,INV-18-0029,128,18,470000.0,PAID,MATCHED,,,2026-06-11 12:12:02.564794,,2026-06-26 12:12:02.564794,Electronic Funds Transfer,,2026-09-22 12:12:02.571831,PENDING,,
124,INV-18-0030,129,18,470000.0,PAID,MATCHED,,,2026-06-14 12:12:02.569591,,2026-06-29 12:12:02.569591,Electronic Funds Transfer,,2026-09-22 12:12:02.576773,PENDING,,
125,INV-18-0031,130,18,470000.0,PAID,MATCHED,,,2026-06-17 12:12:02.575056,,2026-07-02 12:12:02.575056,Electronic Funds Transfer,,2026-09-22 12:12:02.581341,PENDING,,
126,INV-18-0032,131,18,470000.0,PAID,MATCHED,,,2026-06-20 12:12:02.580103,,2026-07-05 12:12:02.580103,Electronic Funds Transfer,,2026-09-22 12:12:02.586800,PENDING,,
127,INV-18-0033,132,18,470000.0,PAID,MATCHED,,,2026-06-23 12:12:02.584532,,2026-07-08 12:12:02.584532,Electronic Funds Transfer,,2026-09-22 12:12:02.592342,PENDING,,
128,INV-18-0034,133,18,470000.0,PAID,MATCHED,,,2026-06-26 12:12:02.590557,,2026-07-11 12:12:02.590557,Electronic Funds Transfer,,2026-09-22 12:12:02.597082,PENDING,,
129,INV-18-0035,134,18,470000.0,PAID,MATCHED,,,2026-06-29 12:12:02.595150,,2026-07-14 12:12:02.595150,Electronic Funds Transfer,,2026-09-22 12:12:02.601957,PENDING,,
130,INV-2026-0130,136,24,2450000.0,PAID,MATCHED,3,2026-09-22 14:38:31.285278,2026-09-22 14:36:57.896633,,2026-09-22 14:38:37.914520,Electronic Funds Transfer,"3-Way Match verified: PO, physical delivery, and invoice values match completely.",2026-09-22 14:36:57.896638,PENDING,,
131,INV-TEST-20260922160631,138,1,145000.0,PAID,PENDING,,,2026-09-22 16:06:31.157421,,,,,2026-09-22 16:06:31.157424,PENDING,,
132,INV-2026-0132,140,24,2500000.0,PAID,MATCHED,3,2026-09-22 18:14:30.801883,2026-09-22 18:13:57.842701,,2026-09-22 18:14:36.430668,Electronic Funds Transfer,"3-Way Match verified: PO, physical delivery, and invoice values match completely.",2026-09-22 18:13:57.842708,PENDING,,
133,INV-2026-0133,142,24,49977.0,VERIFIED,MATCHED,3,2026-09-22 18:20:19.927848,2026-09-22 18:18:46.806345,,,,"3-Way Match verified: PO, physical delivery, and invoice values match completely.",2026-09-22 18:18:46.806356,PENDING,,
134,INV-TEST-20260923120052,143,1,145000.0,PAID,PENDING,,,2026-09-23 12:00:52.049984,,,,,2026-09-23 12:00:52.049986,PENDING,,
135,INV-TEST-20260923122442,144,1,145000.0,PAID,PENDING,,,2026-09-23 12:24:42.806804,,,,,2026-09-23 12:24:42.806807,PENDING,,
136,INV-2026-0136,145,15,2500.0,PAID,MATCHED,3,2026-09-23 12:29:15.415682,2026-09-23 12:28:14.036716,,2026-09-23 12:29:19.642217,Electronic Funds Transfer,"3-Way Match verified: PO, physical delivery, and invoice values match completely.",2026-09-23 12:28:14.036720,CONFIRMED,dc73e5c46628c4fdd37402f66461804450e0ef62cb323341bb1e7d2d7b663c19,2026-09-23 12:29:15.424451
137,INV-2026-0137,147,24,25000.0,PAID,MATCHED,3,2026-09-23 13:12:16.690830,2026-09-23 13:11:39.629130,,2026-09-23 13:12:21.762222,Electronic Funds Transfer,"3-Way Match verified: PO, physical delivery, and invoice values match completely.",2026-09-23 13:11:39.629135,CONFIRMED,e4f421614efa602f95c94e1b820c5a2c9e6121a827a68e82f3e4689f2e735ea2,2026-09-23 13:12:16.696148
138,INV-TEST-20260927130111,151,1,145000.0,PAID,PENDING,,,2026-09-27 13:01:11.043432,,,,,2026-09-27 13:01:11.043441,PENDING,,
139,INV-TEST-20260927130925,153,1,145000.0,PAID,PENDING,,,2026-09-27 13:09:25.465691,,,,,2026-09-27 13:09:25.465695,PENDING,,
140,INV-2026-0140,155,16,48500.0,PAID,MATCHED,3,2026-09-27 13:12:01.752232,2026-09-27 13:12:01.634985,,2026-09-27 13:12:01.787592,Corporate Electronic Transfer,"3-Way Match verified: PO, physical delivery, and invoice values match completely.",2026-09-27 13:12:01.634990,CONFIRMED,785a4310f4898a28eb66e08732268bce9a11ed68ee4d4c847b34866ff52d92b1,2026-09-27 13:12:01.764556
141,INV-2026-0141,150,21,2500.0,PAID,MATCHED,3,2026-09-27 13:15:07.941528,2026-09-27 13:14:29.643091,,2026-09-27 13:15:12.812620,Electronic Funds Transfer,"3-Way Match verified: PO, physical delivery, and invoice values match completely.",2026-09-27 13:14:29.643098,CONFIRMED,3984fa0127d3d08f4109c923ead5520420ebaf8f62415c7d7c4a66b170ae2416,2026-09-27 13:15:07.950089
142,INV-2026-0142,157,16,48500.0,PAID,MATCHED,3,2026-09-27 13:22:41.377119,2026-09-27 13:22:41.294205,,2026-09-27 13:22:41.410909,Corporate Electronic Transfer,"3-Way Match verified: PO, physical delivery, and invoice values match completely.",2026-09-27 13:22:41.294209,CONFIRMED,185f55e2cbfe9aa1e8c6155058c0ab73cd8e15c1ecaa339e259b122a51d69cbf,2026-09-27 13:22:41.388981
143,INV-2026-0143,159,16,48500.0,PAID,MATCHED,3,2026-09-27 14:19:57.516989,2026-09-27 14:19:57.427016,,2026-09-27 14:19:57.568132,Corporate Electronic Transfer,"3-Way Match verified: PO, physical delivery, and invoice values match completely.",2026-09-27 14:19:57.427019,CONFIRMED,9c13613cff1c04a89682bd9164f9c4959fe74b554f3d0887a16bd396ef2bc991,2026-09-27 14:19:57.546043
144,INV-2026-0144,160,16,48500.0,PAID,MATCHED,3,2026-09-28 11:40:32.895487,2026-09-28 11:40:32.774473,,2026-09-28 11:40:32.944090,Corporate Electronic Transfer,"3-Way Match verified: PO, physical delivery, and invoice values match completely.",2026-09-28 11:40:32.774479,CONFIRMED,66fc76e31e1dca03befff6a59c9299d04a564eb527b6a96a0dcffec83517c151,2026-09-28 11:40:32.912753
145,INV-2026-0145,162,16,48500.0,PAID,MATCHED,3,2026-09-28 11:47:08.825107,2026-09-28 11:47:08.697644,,2026-09-28 11:47:08.876858,Corporate Electronic Transfer,"3-Way Match verified: PO, physical delivery, and invoice values match completely.",2026-09-28 11:47:08.697652,CONFIRMED,8d9e21ba1f01b8af6b5c8d382ef85a3121ff638d854df2f188f455cc6084627b,2026-09-28 11:47:08.843911
146,INV-2026-0146,163,16,48500.0,PAID,MATCHED,3,2026-09-28 11:51:28.412630,2026-09-28 11:51:28.288530,,2026-09-28 11:51:28.463193,Corporate Electronic Transfer,"3-Way Match verified: PO, physical delivery, and invoice values match completely.",2026-09-28 11:51:28.288535,CONFIRMED,6238795792be8aad9ae8435303acaf5952cf2ac74f7aaa82ad553792a3642077,2026-09-28 11:51:28.430419
147,INV-2026-0147,165,16,48500.0,PAID,MATCHED,3,2026-09-29 11:42:55.540243,2026-09-29 11:42:55.486646,,2026-09-29 11:42:55.561534,Corporate Electronic Transfer,"3-Way Match verified: PO, physical delivery, and invoice values match completely.",2026-09-29 11:42:55.486648,CONFIRMED,259262a94aa88bab307d4f2c7cc5b07ec39be01fe4f9798c711d971342fc0a5d,2026-09-29 11:42:55.548337
148,INV-2026-0148,166,16,48500.0,PAID,MATCHED,3,2026-09-29 12:30:42.881150,2026-09-29 12:30:42.790309,,2026-09-29 12:30:42.916687,Corporate Electronic Transfer,"3-Way Match verified: PO, physical delivery, and invoice values match completely.",2026-09-29 12:30:42.790314,CONFIRMED,fca81144308b7edcafb50d5c758f01f130e592aa3b5e4aa217e7d407e122b40d,2026-09-29 12:30:42.894892
149,INV-2026-0149,167,16,48500.0,PAID,MATCHED,3,2026-09-29 13:02:51.581448,2026-09-29 13:02:51.479924,,2026-09-29 13:02:51.616975,Corporate Electronic Transfer,"3-Way Match verified: PO, physical delivery, and invoice values match completely.",2026-09-29 13:02:51.479928,CONFIRMED,ec486ac2ddb3d1afb7bdb63e0a4ccdfd4e7a43d0c8eb92eea77371703ec6bced,2026-09-29 13:02:51.594812
150,INV-2026-0150,168,16,48500.0,PAID,MATCHED,3,2026-09-29 13:53:46.779541,2026-09-29 13:53:46.690806,,2026-09-29 13:53:46.815299,Corporate Electronic Transfer,"3-Way Match verified: PO, physical delivery, and invoice values match completely.",2026-09-29 13:53:46.690809,CONFIRMED,743b7c2e6752b9d495f23a94b2deaac237819ea54b7762c8249f3e24e9bf9cc4,2026-09-29 13:53:46.792051
151,INV-2026-0151,169,16,24977.0,VERIFIED,MATCHED,3,2026-09-29 14:15:12.601678,2026-09-29 14:14:01.248355,,,,"3-Way Match verified: PO, physical delivery, and invoice values match completely.",2026-09-29 14:14:01.248359,CONFIRMED,7ebfb00a706f91bc45db6bc73a711fef6b856dbd513f3a167a27c6bf9a199cf0,2026-09-29 14:15:12.609445
152,INV-2026-0152,170,16,48500.0,PAID,MATCHED,3,2026-09-29 14:19:51.567435,2026-09-29 14:19:51.476577,,2026-09-29 14:19:51.604189,Corporate Electronic Transfer,"3-Way Match verified: PO, physical delivery, and invoice values match completely.",2026-09-29 14:19:51.476581,CONFIRMED,deeaccab7e5aacea6cecf45c8c03ebea74307655bff2cc735a2030f1ecb4f7ea,2026-09-29 14:19:51.579508
153,INV-2026-0153,171,16,48500.0,PAID,MATCHED,3,2026-09-29 14:33:22.398490,2026-09-29 14:33:22.298750,,2026-09-29 14:33:22.447373,Corporate Electronic Transfer,"3-Way Match verified: PO, physical delivery, and invoice values match completely.",2026-09-29 14:33:22.298754,CONFIRMED,0ef056c5c2e3d3f6d4a49fd20b59c63aeda24d79329acda0d5eb07f23475ef38,2026-09-29 14:33:22.419432
154,INV-2026-0154,172,16,250.0,PAID,MATCHED,3,2026-10-01 14:27:37.607174,2026-10-01 14:26:22.075533,,2026-10-01 14:27:48.324727,Electronic Funds Transfer,"3-Way Match verified: PO, physical delivery, and invoice values match completely.",2026-10-01 14:26:22.075539,CONFIRMED,653642b876cf13008e3c02614de202bc494f13c76f39e80402e2a18e69ac8849,2026-10-01 14:27:37.625283
155,INV-2026-0155,173,16,48500.0,PAID,MATCHED,3,2026-10-01 16:55:02.514452,2026-10-01 16:55:02.384803,,2026-10-01 16:55:02.549831,Corporate Electronic Transfer,"3-Way Match verified: PO, physical delivery, and invoice values match completely.",2026-10-01 16:55:02.384809,CONFIRMED,fbd13d3d9798f99cf1e10e2bea5d55812313f7663774d3581c99228ed285205e,2026-10-01 16:55:02.526712
156,INV-2026-0156,174,1,11500.0,PAID,MATCHED,3,2026-10-01 17:00:15.289591,2026-10-01 17:00:15.140684,,2026-10-01 17:00:15.461942,Wire Transfer,"3-Way Match verified: PO, physical delivery, and invoice values match completely.",2026-10-01 17:00:15.140691,CONFIRMED,e175cb7a7e2053b2d1a8a281077cf90e09fdfc10fbc454aa15558d67a1451083,2026-10-01 17:00:15.303701
157,INV-TEST-20261001170158,175,1,145000.0,PAID,PENDING,,,2026-10-01 17:01:58.435147,,,,,2026-10-01 17:01:58.435151,PENDING,,
158,INV-2026-0158,178,16,16000.0,PAID,MATCHED,3,2026-10-01 17:22:22.386048,2026-10-01 17:21:54.195005,,2026-10-01 17:22:30.553725,Electronic Funds Transfer,"3-Way Match verified: PO, physical delivery, and invoice values match completely.",2026-10-01 17:21:54.195010,CONFIRMED,cea0e05a7e3d5979ccc35106830c50467f1c2177288b3b1c8920521bba838486,2026-10-01 17:22:22.402416
159,INV-2026-0159,179,16,48500.0,PAID,MATCHED,3,2026-10-01 17:49:37.081289,2026-10-01 17:49:36.994732,,2026-10-01 17:49:37.115867,Corporate Electronic Transfer,"3-Way Match verified: PO, physical delivery, and invoice values match completely.",2026-10-01 17:49:36.994736,CONFIRMED,d6f070903e9bb1fce119d4640baf94f84f7c13bbadf42a6a011a51fcf5e2a4a4,2026-10-01 17:49:37.094469
160,INV-2026-0160,180,16,48500.0,PAID,MATCHED,3,2026-10-01 17:58:32.860414,2026-10-01 17:58:32.773929,,2026-10-01 17:58:32.895258,Corporate Electronic Transfer,"3-Way Match verified: PO, physical delivery, and invoice values match completely.",2026-10-01 17:58:32.773933,CONFIRMED,d89f03d2e5924e12ca18ea6b57862e6dd87ef120abc55920a344d901e87e9115,2026-10-01 17:58:32.873449
161,INV-2026-0161,181,16,48500.0,PAID,MATCHED,3,2026-10-01 18:02:25.861763,2026-10-01 18:02:25.775283,,2026-10-01 18:02:25.896505,Corporate Electronic Transfer,"3-Way Match verified: PO, physical delivery, and invoice values match completely.",2026-10-01 18:02:25.775287,CONFIRMED,1984ced85d607ea74d7f0f0f12fef81be393a9fd38816c4cd1a3fee45885b17d,2026-10-01 18:02:25.874520
162,INV-2026-0162,182,1,11500.0,PAID,MATCHED,3,2026-10-01 18:02:32.679429,2026-10-01 18:02:32.528700,,2026-10-01 18:02:32.812541,Wire Transfer,"3-Way Match verified: PO, physical delivery, and invoice values match completely.",2026-10-01 18:02:32.528704,CONFIRMED,65de87a15756e8f9867b06bee7c0cce574247305aee21ef31d0391d9e8a40249,2026-10-01 18:02:32.699262
163,INV-2026-0163,1,1,39500.0,INVOICE_RECEIVED,PENDING,,,2026-10-03 14:48:00.207795,,,,Auto-generated invoice from confirmed delivery for PO PO-2026-0001.,2026-10-03 14:48:00.207799,PENDING,,
