id,invoice_id,purchase_order_id,processed_by_id,amount,payment_method,transaction_reference,payment_date,status,notes,created_at,blockchain_status,blockchain_tx_hash,blockchain_confirmed_at
1,2,4,3,54000.0,Electronic Funds Transfer,EFT-TX-9902184-ACME,2026-09-11 17:45:38.003817,PAID,Standard vendor payment remittance executed.,2026-09-21 17:45:38.004974,PENDING,,
2,4,9,3,11500.0,Wire Transfer,WT-2026-99120,2026-09-21 17:57:04.346970,PAID,"3-way match verified against PR requirement, PO contract, and SCM physical delivery receipt.",2026-09-21 17:57:04.352463,PENDING,,
3,5,10,3,11500.0,Wire Transfer,WT-DEBUG-001,2026-09-21 18:06:26.729482,PAID,Testing payment traceback,2026-09-21 18:06:26.735657,PENDING,,
4,6,11,3,11500.0,Wire Transfer,WT-1790014005,2026-09-21 18:06:45.597598,PAID,"3-way match verified against PR requirement, PO contract, and SCM physical delivery receipt.",2026-09-21 18:06:45.602890,PENDING,,
5,130,136,3,2450000.0,Electronic Funds Transfer,EFT-TX-915975,2026-09-22 14:38:37.914283,PAID,Standard vendor disbursement processed.,2026-09-22 14:38:37.919427,PENDING,,
6,132,140,3,2500000.0,Electronic Funds Transfer,EFT-TX-872665,2026-09-22 18:14:36.430090,PAID,Standard vendor disbursement processed.,2026-09-22 18:14:36.444414,PENDING,,
7,136,145,3,2500.0,Electronic Funds Transfer,EFT-TX-557203,2026-09-23 12:29:19.642028,PAID,Standard vendor disbursement processed.,2026-09-23 12:29:19.646491,CONFIRMED,9ea35cfc1c713b76c15a85e70b953a024710d0e042de3175901e03497ccd8b23,2026-09-23 12:29:19.724718
8,137,147,3,25000.0,Electronic Funds Transfer,EFT-TX-138070,2026-09-23 13:12:21.762063,PAID,Standard vendor disbursement processed.,2026-09-23 13:12:21.767358,CONFIRMED,b28d988d7899ac0f0fe4cc3cb9e03b3b1a92594289756b043970e89e7f82ea0a,2026-09-23 13:12:21.846554
9,140,155,3,48500.0,Corporate Electronic Transfer,TXN-BENCH-1790514721,2026-09-27 13:12:01.787468,PAID,Full settlement disbursed.,2026-09-27 13:12:01.790687,CONFIRMED,d7d5cd1b25e9f6b62b8e962b6232ba7661d9244ac3248e594128d27b0cb7d751,2026-09-27 13:12:01.829814
10,141,150,3,2500.0,Electronic Funds Transfer,EFT-TX-910910,2026-09-27 13:15:12.811678,PAID,Standard vendor disbursement processed.,2026-09-27 13:15:12.817776,CONFIRMED,2583299161809e488eeace1d1401ebcd5caa3fd2acc687721c52d922bda8dcc6,2026-09-27 13:15:13.110350
11,142,157,3,48500.0,Corporate Electronic Transfer,TXN-BENCH-1790515361,2026-09-27 13:22:41.410779,PAID,Full settlement disbursed.,2026-09-27 13:22:41.413734,CONFIRMED,92dc9c1adf1097bd593eb496d4dc143e8ee44fa598975baaf4bda30c8434cc76,2026-09-27 13:22:41.451363
12,143,159,3,48500.0,Corporate Electronic Transfer,TXN-BENCH-1790518797,2026-09-27 14:19:57.567949,PAID,Full settlement disbursed.,2026-09-27 14:19:57.572760,CONFIRMED,cac5c72f2c38feb13969f15f78c5d8ae6213506b6cbc9d7201f9b3be52b8f0e2,2026-09-27 14:19:57.612351
13,144,160,3,48500.0,Corporate Electronic Transfer,TXN-BENCH-1790595632,2026-09-28 11:40:32.943916,PAID,Full settlement disbursed.,2026-09-28 11:40:32.947990,CONFIRMED,6ced9dfbce610810b9eda2459477eb36a7e4f1fd9d838f7e3d13a53bdd36655f,2026-09-28 11:40:33.001459
14,145,162,3,48500.0,Corporate Electronic Transfer,TXN-BENCH-1790596028,2026-09-28 11:47:08.876673,PAID,Full settlement disbursed.,2026-09-28 11:47:08.881514,CONFIRMED,e7595065b55a5fc5509485649bc7d78bbf04dd8871833ab168595e9a15d8e5d6,2026-09-28 11:47:09.033661
15,146,163,3,48500.0,Corporate Electronic Transfer,TXN-BENCH-1790596288,2026-09-28 11:51:28.463023,PAID,Full settlement disbursed.,2026-09-28 11:51:28.468050,CONFIRMED,abc2dda7a2459da6ead58ba8e5b943a8c39729edfe958d7e6f4de7f620d48069,2026-09-28 11:51:28.532235
16,147,165,3,48500.0,Corporate Electronic Transfer,TXN-BENCH-1790682175,2026-09-29 11:42:55.561446,PAID,Full settlement disbursed.,2026-09-29 11:42:55.563307,CONFIRMED,6a18c00a95d9f8733be030b0c1638153a272eac8b64159bc6e4cc8ceeb18b4a7,2026-09-29 11:42:55.652638
17,148,166,3,48500.0,Corporate Electronic Transfer,TXN-BENCH-1790685042,2026-09-29 12:30:42.916562,PAID,Full settlement disbursed.,2026-09-29 12:30:42.920066,CONFIRMED,838a14adef859ded53a46c9c05e1a239aaa3612e556c97f300e9bd86e4fd5d2a,2026-09-29 12:30:43.043707
18,149,167,3,48500.0,Corporate Electronic Transfer,TXN-BENCH-1790686971,2026-09-29 13:02:51.616843,PAID,Full settlement disbursed.,2026-09-29 13:02:51.620106,CONFIRMED,20918c6f3f279e04158b1b6549f6d76ca34845d6b27f59a38b0a094e76696925,2026-09-29 13:02:51.747007
19,150,168,3,48500.0,Corporate Electronic Transfer,TXN-BENCH-1790690026,2026-09-29 13:53:46.815153,PAID,Full settlement disbursed.,2026-09-29 13:53:46.818140,CONFIRMED,8496df74047209423c4d82fc71d54aa459bd9cacebc192960d0f78931eac1b3a,2026-09-29 13:53:46.856804
20,152,170,3,48500.0,Corporate Electronic Transfer,TXN-BENCH-1790691591,2026-09-29 14:19:51.604004,PAID,Full settlement disbursed.,2026-09-29 14:19:51.607631,CONFIRMED,dcfb1d7dd71f5ec33bacebac8d631c5db5feb32aabffb972c7ad1fbe3379a51e,2026-09-29 14:19:51.734977
21,153,171,3,48500.0,Corporate Electronic Transfer,TXN-BENCH-1790692402,2026-09-29 14:33:22.447217,PAID,Full settlement disbursed.,2026-09-29 14:33:22.450186,CONFIRMED,b69017371c598247f660ed6f901b41151d0556d775ebb738a834df4f341ad223,2026-09-29 14:33:22.492089
22,154,172,3,250.0,Electronic Funds Transfer,EFT-TX-866685,2026-10-01 14:27:48.324394,PAID,Standard vendor disbursement processed.,2026-10-01 14:27:48.329447,CONFIRMED,1340108753328210264e82cc54b53ffe149326245452d1a471b510900129f405,2026-10-01 14:27:48.599458
23,155,173,3,48500.0,Corporate Electronic Transfer,TXN-BENCH-1790873702,2026-10-01 16:55:02.549680,PAID,Full settlement disbursed.,2026-10-01 16:55:02.552659,CONFIRMED,5035d8518ed5a15b3077b80959e21b400e1b9bf22fbd1c50a24420d2e3630a34,2026-10-01 16:55:02.676890
24,156,174,3,11500.0,Wire Transfer,WT-1790874015,2026-10-01 17:00:15.461773,PAID,"3-way match verified against PR requirement, PO contract, and SCM physical delivery receipt.",2026-10-01 17:00:15.464979,CONFIRMED,587d450dfc6463a6771bf6abcf72c481903d85a5c4fe4c3001127c71bc08eca2,2026-10-01 17:00:15.568349
25,158,178,3,16000.0,Electronic Funds Transfer,EFT-TX-348926,2026-10-01 17:22:30.553559,PAID,Standard vendor disbursement processed.,2026-10-01 17:22:30.558060,CONFIRMED,66a9eb02c3ad53cf9692e82e50685487b618e6c4d93eef71105015460212c4d4,2026-10-01 17:22:30.634391
26,159,179,3,48500.0,Corporate Electronic Transfer,TXN-BENCH-1790876977,2026-10-01 17:49:37.115745,PAID,Full settlement disbursed.,2026-10-01 17:49:37.119386,CONFIRMED,8143bbc0f9658a7ad1860dd4dbb83841ff80f5f9eb0dfa1fc46244f0861f7802,2026-10-01 17:49:37.236093
27,160,180,3,48500.0,Corporate Electronic Transfer,TXN-BENCH-1790877512,2026-10-01 17:58:32.895132,PAID,Full settlement disbursed.,2026-10-01 17:58:32.898855,CONFIRMED,711cc89c7b1aaf2b42bd1fe4ef2061ae0ab21291dcb87879c212fbc144c2439d,2026-10-01 17:58:33.017311
28,161,181,3,48500.0,Corporate Electronic Transfer,TXN-BENCH-1790877745,2026-10-01 18:02:25.896364,PAID,Full settlement disbursed.,2026-10-01 18:02:25.899360,CONFIRMED,ea1e244ffb1598af2873a4584a740a5885fcaa80395872bcac2d77fcb655d5e9,2026-10-01 18:02:26.017845
29,162,182,3,11500.0,Wire Transfer,WT-1790877752,2026-10-01 18:02:32.812413,PAID,"3-way match verified against PR requirement, PO contract, and SCM physical delivery receipt.",2026-10-01 18:02:32.815181,CONFIRMED,32d786ec4701bb98baf6f700d733e6a16bae67a82731420d9a7566f05ad507e9,2026-10-01 18:02:32.910219
