id,request_number,department,title,description,quantity,required_date,category,priority,estimated_budget,status,requested_by_id,assigned_vendor_id,approved_by_id,approval_date,rejection_reason,delivery_deadline,created_at,updated_at,blockchain_status,blockchain_tx_hash,blockchain_confirmed_at,unit_budget
1,PR-2026-0001,Information Technology,Enterprise Laptops & Developer Workstations,IT Department requires 50 high-performance developer laptops for new engineering hires.,50.0,2026-10-11 17:45:37.952961,IT Vendors,High,75000.0,VENDOR_SELECTED,2,2,,,,,2026-09-21 17:45:37.954520,2026-09-27 13:06:41.730323,PENDING,,,1500.0
2,PR-2026-0002,Manufacturing & Production,Grade-8 Structural Fasteners & Hex Bolts,"Production line requires 20,000 units of high-tensile fasteners for heavy equipment chassis.",20000.0,2026-10-06 17:45:37.958362,Raw Material Suppliers,Urgent,42000.0,VENDOR_SELECTED,2,1,,,,,2026-09-21 17:45:37.959716,2026-09-21 17:45:37.959720,PENDING,,,2.1
3,PR-2026-0003,Research & Development,IoT Telemetry Microcontrollers & Sensors,Sensors required for fleet tracking module prototypes.,1000.0,,IT Vendors,Medium,28000.0,Approved,2,2,,,,,2026-09-21 17:45:37.967400,2026-09-22 14:32:28.898082,PENDING,,,28.0
4,PR-2026-0004,Manufacturing & Production,High-Grade Industrial Fasteners,Assembly line inventory buffer replenishment,100.0,2026-11-01 00:00:00.000000,Raw Material Suppliers,High,12000.0,SUBMITTED,2,,,,,,2026-09-21 17:53:46.851252,2026-09-21 17:53:46.851256,PENDING,,,120.0
5,PR-2026-0005,Manufacturing & Production,High-Grade Industrial Fasteners,Assembly line inventory buffer replenishment,100.0,2026-11-01 00:00:00.000000,Raw Material Suppliers,High,12000.0,VENDOR_SELECTED,2,1,,,,,2026-09-21 17:54:15.309720,2026-09-21 17:54:15.347977,PENDING,,,120.0
6,PR-2026-0006,Manufacturing & Production,High-Grade Industrial Fasteners,Assembly line inventory buffer replenishment,100.0,2026-11-01 00:00:00.000000,Raw Material Suppliers,High,12000.0,VENDOR_SELECTED,2,1,,,,,2026-09-21 17:54:32.166144,2026-09-21 17:54:32.191932,PENDING,,,120.0
7,PR-2026-0007,Manufacturing & Production,High-Grade Industrial Fasteners,Assembly line inventory buffer replenishment,100.0,2026-11-01 00:00:00.000000,Raw Material Suppliers,High,12000.0,Ordered,2,1,3,2026-09-21 17:54:57.944798,,,2026-09-21 17:54:57.880312,2026-09-22 14:32:28.898092,PENDING,,,120.0
8,PR-2026-0008,Manufacturing & Production,High-Grade Industrial Fasteners,Assembly line inventory buffer replenishment,100.0,2026-11-01 00:00:00.000000,Raw Material Suppliers,High,12000.0,In Transit,2,1,3,2026-09-21 17:55:45.783028,,,2026-09-21 17:55:45.725328,2026-09-28 14:16:59.218350,PENDING,,,120.0
9,PR-2026-0009,Manufacturing & Production,High-Grade Industrial Fasteners,Assembly line inventory buffer replenishment,100.0,2026-11-01 00:00:00.000000,Raw Material Suppliers,High,12000.0,In Transit,2,1,3,2026-09-21 17:56:17.280047,,,2026-09-21 17:56:17.217327,2026-09-22 14:32:28.898101,PENDING,,,120.0
10,PR-2026-0010,Manufacturing & Production,High-Grade Industrial Fasteners,Assembly line inventory buffer replenishment,100.0,2026-11-01 00:00:00.000000,Raw Material Suppliers,High,12000.0,Completed,2,1,3,2026-09-21 17:57:04.081433,,,2026-09-21 17:57:04.020829,2026-09-22 14:32:28.898104,PENDING,,,120.0
11,PR-2026-0011,Manufacturing & Production,High-Grade Industrial Fasteners,Assembly line inventory buffer replenishment,100.0,2026-11-01 00:00:00.000000,Raw Material Suppliers,High,12000.0,Completed,2,1,3,2026-09-21 18:05:36.665266,,,2026-09-21 18:05:36.596254,2026-09-22 14:32:28.898108,PENDING,,,120.0
12,PR-2026-0012,Manufacturing & Production,High-Grade Industrial Fasteners,Assembly line inventory buffer replenishment,100.0,2026-11-01 00:00:00.000000,Raw Material Suppliers,High,12000.0,Completed,2,1,3,2026-09-21 18:06:45.403316,,,2026-09-21 18:06:45.341480,2026-09-22 14:32:28.898111,PENDING,,,120.0
13,PR-2026-0013,Information Technology,Annual AC Maintenance,it is month end,5.0,2026-09-23 00:00:00.000000,Service Providers,High,15000.0,Delivered,2,15,3,2026-09-22 16:09:00.901534,,,2026-09-22 11:30:54.266666,2026-09-22 16:11:49.791458,PENDING,,,3000.0
14,PR-2026-0014,Procurement,srews for the computers,for repairing,10.0,2026-09-22 00:00:00.000000,Raw Material Suppliers,Urgent,13.0,SUBMITTED,2,,,,,,2026-09-22 12:02:12.232331,2026-09-22 12:02:12.232335,PENDING,,,1.3
15,PR-001,Information Technology,Laptop,New employee requirements - 50 high-performance developer laptops,50.0,2026-10-17 12:12:02.608255,IT & Electronics,High,2500000.0,VENDOR_SELECTED,2,16,,,,,2026-09-22 12:12:02.611357,2026-09-22 12:14:44.795866,PENDING,,,50000.0
16,PR-002,Manufacturing & Production,Steel,High-tensile structural steel plates for plant assembly expansion,20.0,2026-10-22 12:12:02.621642,Raw Materials,Urgent,1300000.0,SUBMITTED,2,,,,,,2026-09-22 12:12:02.623174,2026-09-22 12:12:02.623181,PENDING,,,65000.0
17,PR-003,Operations & Facilities,Facility Maintenance,Annual preventive maintenance for corporate HVAC and electrical infrastructure,1.0,2026-11-01 12:12:02.625201,Services & Maintenance,Medium,180000.0,SUBMITTED,2,,,,,,2026-09-22 12:12:02.626697,2026-09-22 12:12:02.626704,PENDING,,,180000.0
18,PR-2026-0018,Information Technology,Laptop,New employee requirements - 50 high-performance engineering laptops,50.0,2026-10-15 00:00:00.000000,IT & Electronics,High,2500000.0,Completed,2,24,3,2026-09-22 17:35:16.668565,,,2026-09-22 12:15:35.759385,2026-09-22 18:14:36.437390,PENDING,,,50000.0
19,PR-2026-0019,Information Technology,Laptop,New employee requirements - 50 high-performance engineering laptops,50.0,2026-10-15 00:00:00.000000,IT & Electronics,High,2500000.0,VENDOR_SELECTED,2,16,,,,,2026-09-22 12:16:05.030162,2026-09-22 12:16:05.185908,PENDING,,,50000.0
20,PR-2026-0020,Information Technology,Laptop,New employee requirements - 50 high-performance engineering laptops,50.0,2026-10-15 00:00:00.000000,IT & Electronics,High,2500000.0,VENDOR_SELECTED,2,16,,,,,2026-09-22 12:16:20.548159,2026-09-22 12:16:20.703597,PENDING,,,50000.0
21,PR-2026-0021,Information Technology,Laptop,New employee requirements - 50 high-performance engineering laptops,50.0,2026-10-15 00:00:00.000000,IT & Electronics,High,2500000.0,VENDOR_SELECTED,2,16,,,,,2026-09-22 12:30:14.846165,2026-09-22 12:30:15.004237,PENDING,,,50000.0
22,PR-2026-0022,Information Technology,Laptop,New employee requirements - 50 high-performance engineering laptops,50.0,2026-10-15 00:00:00.000000,IT & Electronics,High,2500000.0,VENDOR_SELECTED,2,16,,,,,2026-09-22 13:40:17.122174,2026-09-22 13:40:17.339448,PENDING,,,50000.0
23,PR-2026-0023,Information Technology,Laptop,Enterprise hardware refresh for operations and engineering teams,50.0,2026-10-15 00:00:00.000000,IT & Electronics,High,2500000.0,Completed,2,24,3,2026-09-22 14:01:02.624459,,,2026-09-22 13:45:20.260318,2026-09-22 14:32:28.898114,PENDING,,,50000.0
24,PR-2026-0024,Information Technology,Laptop,New employee requirements - 50 high-performance engineering laptops,50.0,2026-10-15 00:00:00.000000,IT & Electronics,High,2500000.0,VENDOR_SELECTED,2,16,,,,,2026-09-22 13:57:49.095300,2026-09-22 13:57:49.390499,PENDING,,,50000.0
25,PR-2026-0025,Information Technology,Laptop,Laptops for development team,50.0,,IT & Electronics,High,2500000.0,Approved,2,24,3,2026-09-22 14:34:08.031246,,,2026-09-22 13:58:03.331017,2026-09-22 14:39:21.925190,PENDING,,,50000.0
26,PR-2026-0026,Information Technology,Laptop,Procurement manager selecting yashwanth for 50 laptops,50.0,,IT & Electronics,High,2500000.0,Completed,2,24,3,2026-09-22 14:33:50.283783,,,2026-09-22 13:58:44.515736,2026-09-22 14:38:37.915211,PENDING,,,50000.0
27,PR-2026-0027,Information Technology,Laptop,New employee requirements - 50 high-performance engineering laptops,50.0,2026-10-15 00:00:00.000000,IT & Electronics,High,2500000.0,VENDOR_SELECTED,2,16,,,,,2026-09-22 13:59:16.950002,2026-09-22 13:59:17.211886,PENDING,,,50000.0
28,PR-TEST-20260922160521,IT Infrastructure,High Performance Laptops Lifecycle Test,Testing moving order tracking synchronization,20.0,2026-10-06 16:05:21.394236,Raw Material Suppliers,High,150000.0,VENDOR_SELECTED,2,1,,,,,2026-09-22 16:05:21.411576,2026-09-22 16:05:21.431701,PENDING,,,7500.0
29,PR-TEST-20260922160610,IT Infrastructure,High Performance Laptops Lifecycle Test,Testing moving order tracking synchronization,20.0,2026-10-06 16:06:10.331698,Raw Material Suppliers,High,150000.0,In Transit,2,1,,,,,2026-09-22 16:06:10.339390,2026-09-22 16:06:10.387869,PENDING,,,7500.0
30,PR-TEST-20260922160631,IT Infrastructure,High Performance Laptops Lifecycle Test,Testing moving order tracking synchronization,20.0,2026-10-06 16:06:31.082929,Raw Material Suppliers,High,150000.0,Completed,2,1,,,,,2026-09-22 16:06:31.089470,2026-09-22 16:06:31.156122,PENDING,,,7500.0
31,PR-2026-0031,Information Technology,Laptop,New employee requirements - 50 high-performance engineering laptops,50.0,2026-10-15 00:00:00.000000,IT & Electronics,High,2500000.0,VENDOR_SELECTED,2,16,,,,,2026-09-22 16:06:45.072559,2026-09-22 16:06:45.251934,PENDING,,,50000.0
32,PR-2026-0032,Information Technology,laptop service,Enterprise hardware refresh for operations and engineering teams,50.0,2026-09-22 00:00:00.000000,Services & Maintenance,High,2500.0,Delivered,2,15,3,2026-09-22 18:05:19.333227,,,2026-09-22 18:04:22.343032,2026-09-22 18:12:18.645755,PENDING,,,50.0
33,PR-2026-0033,Procurement Operations,PHONES,Enterprise hardware refresh for operations and engineering teams,31.0,2026-10-15 00:00:00.000000,IT & Electronics,High,49977.0,Delivered,2,24,3,2026-09-22 18:17:20.122333,,,2026-09-22 18:16:25.132366,2026-09-22 18:18:46.800174,PENDING,,,1612.16
34,PR-2026-0034,Information Technology,Laptop,New employee requirements - 50 high-performance engineering laptops,50.0,2026-10-15 00:00:00.000000,IT & Electronics,High,2500000.0,VENDOR_SELECTED,2,16,,,,,2026-09-23 12:00:39.140007,2026-09-23 12:00:39.285679,PENDING,,,50000.0
35,PR-TEST-20260923120051,IT Infrastructure,High Performance Laptops Lifecycle Test,Testing moving order tracking synchronization,20.0,2026-10-07 12:00:51.997445,Raw Material Suppliers,High,150000.0,Completed,2,1,,,,,2026-09-23 12:00:52.003154,2026-09-23 12:00:52.049022,PENDING,,,7500.0
36,PR-2026-0036,Information Technology,Laptop,New employee requirements - 50 high-performance engineering laptops,50.0,2026-10-15 00:00:00.000000,IT & Electronics,High,2500000.0,Approved,2,16,3,2026-10-01 14:32:06.479122,,,2026-09-23 12:24:20.643224,2026-10-01 16:55:02.988909,CONFIRMED,9d036fd5d5909cc9bfb0eb2564c5db0bd7c0bf8f4eeec6cc177de1df25399218,2026-09-23 12:24:20.668922,50000.0
37,PR-2026-0037,Procurement,Laptop,Enterprise hardware refresh for operations and engineering teams,50.0,2026-10-15 00:00:00.000000,Services & Maintenance,High,2500.0,Completed,2,15,3,2026-09-23 12:25:35.767998,,,2026-09-23 12:24:24.966571,2026-09-23 12:29:19.642246,CONFIRMED,6439c6d86745ebfe9eb1442eb37794215de5f5cbde756bb71405c3739e0c046b,2026-09-23 12:24:24.992022,50.0
38,PR-TEST-20260923122442,IT Infrastructure,High Performance Laptops Lifecycle Test,Testing moving order tracking synchronization,20.0,2026-10-07 12:24:42.734786,Raw Material Suppliers,High,150000.0,Completed,2,1,,,,,2026-09-23 12:24:42.737017,2026-09-23 12:24:42.805003,PENDING,,,7500.0
39,PR-2026-0039,Engineering Lab,Precision Calibration Multimeter,Calibration of laboratory benches,10.0,2026-10-07 13:04:33.625707,IT & Electronics,High,50000.0,In Transit,2,16,3,2026-09-23 13:04:33.791686,,,2026-09-23 13:04:33.675485,2026-10-01 14:03:49.454978,CONFIRMED,ec3738441a2134bf94c1211738b7ef5ae6590ee16547167845950c28bf644f4a,2026-09-23 13:04:33.699820,5000.0
40,PR-2026-0040,Information Technology,Laptop,Enterprise hardware refresh for operations and engineering teams,50.0,2026-09-30 00:00:00.000000,IT & Electronics,Urgent,25000.0,Completed,2,24,3,2026-09-23 13:09:49.467756,,,2026-09-23 13:09:02.501297,2026-09-23 13:12:21.762336,CONFIRMED,485fa6a50f87f19a39134f87b6a2020c4135318d53e4af99a3adc8eec468b948,2026-09-23 13:09:02.509666,500.0
41,PR-2026-0041,Procurement,Laptop,Enterprise hardware refresh for operations and engineering teams,36.0,2026-10-15 00:00:00.000000,IT & Electronics,High,25000.0,Approved,2,24,3,2026-10-01 14:29:53.581797,,,2026-09-25 12:25:45.847692,2026-10-01 16:55:02.953606,CONFIRMED,2f8bba188d004fb0aab41f4d1e8faae643a35fe3b176c4e74d8c7aa36748cf38,2026-09-25 12:25:45.863790,694.44
42,PR-2026-0042,Information Technology,Laptop,Enterprise hardware refresh for operations and engineering teams,50.0,2026-10-15 00:00:00.000000,Services & Maintenance,High,2500.0,Ordered,2,15,3,2026-09-26 14:38:50.535702,,,2026-09-26 14:27:26.811004,2026-09-26 14:39:07.657257,CONFIRMED,1f13437438eed49aaaea1d984a147ce413ead641366461a8f02a913457ffd4c8,2026-09-26 14:27:26.838513,50.0
43,PR-2026-0043,Engineering Lab,Precision Calibration Multimeter,Calibration of laboratory benches,10.0,2026-10-11 05:04:55.550868,IT & Electronics,High,50000.0,Ordered,2,16,3,2026-09-27 05:04:55.650218,,,2026-09-27 05:04:55.584403,2026-09-27 05:04:55.688663,CONFIRMED,f31503a456210cad862837ccc1c3aac9b0a68013e51e93828b65e3367b84bae4,2026-09-27 05:04:55.597782,5000.0
44,PR-2026-0044,Procurement Operations,phones,Enterprise hardware refresh for operations and engineering teams,45.0,2026-09-27 00:00:00.000000,Services & Maintenance,High,2500.0,Completed,2,21,3,2026-09-27 12:59:50.097069,,,2026-09-27 12:40:28.934703,2026-09-27 13:15:12.812664,CONFIRMED,f2b0867061dd70c3792d3953f0b29f5ebfeabdb530b0e1bc1e77c7868ab8e2f3,2026-09-27 12:40:28.963719,55.56
45,PR-TEST-20260927130110,IT Infrastructure,High Performance Laptops Lifecycle Test,Testing moving order tracking synchronization,20.0,2026-10-11 13:01:10.949943,Raw Material Suppliers,High,150000.0,Completed,2,1,,,,,2026-09-27 13:01:10.952115,2026-09-27 13:01:11.041381,PENDING,,,7500.0
46,PR-2026-0046,Information Technology,High-Density Storage Server,Data storage expansion for analytics team,2.0,,IT & Electronics,High,16000.0,SUBMITTED,33,,,,,,2026-09-27 13:06:28.825408,2026-09-27 13:06:28.836691,CONFIRMED,decb7e44d77f25dccca2f56a625898dc46d07e046ec0b31d377354a19c14f651,2026-09-27 13:06:28.833591,8000.0
47,PR-2026-0047,Information Technology,High-Density Storage Server,test,2.0,,IT & Electronics,High,16000.0,SUBMITTED,20,,,,,,2026-09-27 13:06:55.148636,2026-09-27 13:06:55.172868,CONFIRMED,1df25e73ac224e4422fc03e840f7be5ae6a75b0a0d59e958c23200bb0a72e6eb,2026-09-27 13:06:55.169375,8000.0
48,PR-2026-0048,Information Technology,High-Density Storage Server,Data storage expansion for analytics team,2.0,,IT & Electronics,High,16000.0,Ordered,34,2,3,2026-09-27 13:09:01.998518,,,2026-09-27 13:09:01.908725,2026-09-27 13:09:02.079049,CONFIRMED,81c7db5e12c5c8af8c4e4339f17e1efb22815581869a82f742cd766a021fbc0e,2026-09-27 13:09:01.919778,8000.0
49,PR-TEST-20260927130925,IT Infrastructure,High Performance Laptops Lifecycle Test,Testing moving order tracking synchronization,20.0,2026-10-11 13:09:25.392201,Raw Material Suppliers,High,150000.0,Completed,2,1,,,,,2026-09-27 13:09:25.395492,2026-09-27 13:09:25.463928,PENDING,,,7500.0
50,PR-2026-0050,Engineering Lab,Precision Calibration Multimeter,Calibration of laboratory benches,10.0,2026-10-11 13:09:35.719773,IT & Electronics,High,50000.0,Ordered,2,16,3,2026-09-27 13:09:35.883504,,,2026-09-27 13:09:35.770341,2026-09-27 13:09:35.957798,CONFIRMED,4936e077709eab97f046d71473d7e46419cbd95e2ffda392a33c3425c30e8642,2026-09-27 13:09:35.792438,5000.0
51,PR-2026-0051,Engineering Lab,Precision Calibration Multimeter,Calibration of laboratory benches,10.0,2026-10-11 13:12:01.326182,IT & Electronics,High,50000.0,Completed,2,16,3,2026-09-27 13:12:01.490519,,,2026-09-27 13:12:01.375489,2026-09-27 13:12:01.787629,CONFIRMED,dcbb6c447c622d798ae88bb7f3ded23f82d3be44710c5535611b2e7993e3d3fc,2026-09-27 13:12:01.397778,5000.0
52,PR-2026-0052,Information Technology,Laptop,New employee requirements - 50 high-performance engineering laptops,50.0,2026-10-15 00:00:00.000000,IT & Electronics,High,2500000.0,Approved,2,16,3,2026-09-28 12:01:48.800924,,,2026-09-27 13:12:15.583822,2026-09-28 12:01:58.304545,CONFIRMED,3fde49673663ee5a6ed1a815d1821c01f68a493bf4501919d2bb586f68fca0fe,2026-09-27 13:12:15.605133,50000.0
53,PR-2026-0053,Information Technology,High-Density Storage Server,Data storage expansion for analytics team,2.0,,IT & Electronics,High,16000.0,Ordered,45,2,3,2026-09-27 13:22:31.316854,,,2026-09-27 13:22:31.230563,2026-09-27 13:22:31.397999,CONFIRMED,2838714b2c70220a176c1a5a9ff9e43c192501f4fd06ac7407267fc11ae4db3b,2026-09-27 13:22:31.237220,8000.0
54,PR-2026-0054,Engineering Lab,Precision Calibration Multimeter,Calibration of laboratory benches,10.0,2026-10-11 13:22:40.996705,IT & Electronics,High,50000.0,Completed,2,16,3,2026-09-27 13:22:41.162906,,,2026-09-27 13:22:41.046442,2026-09-27 13:22:41.410931,CONFIRMED,59afd07552b880853cc0ae6fe218731225a519877aba92c866e82bba2f8dcb55,2026-09-27 13:22:41.068281,5000.0
55,PR-2026-0055,Manufacturing & Production,electronic screws,Enterprise hardware refresh for operations and engineering teams,56.0,2026-09-27 00:00:00.000000,Machinery & Spare Parts,High,250.0,SUBMITTED,2,,,,,,2026-09-27 13:53:48.821084,2026-09-27 13:53:48.842145,CONFIRMED,2d4abd3a757958a6feff6096c7114bbcd6f343371cc24b2731d053c6ea99000d,2026-09-27 13:53:48.838390,4.46
56,PR-2026-0056,Engineering Lab,Precision Calibration Multimeter,Calibration of laboratory benches,10.0,2026-10-11 14:18:11.354405,IT & Electronics,High,50000.0,Ordered,2,16,3,2026-09-27 14:18:11.567346,,,2026-09-27 14:18:11.441522,2026-09-27 14:18:11.636780,CONFIRMED,dd57c3ccd184d9ef4446c59a2b96e944e55a4831c964536febc807105efbbaf2,2026-09-27 14:18:11.472866,5000.0
57,PR-2026-0057,Engineering Lab,Precision Calibration Multimeter,Calibration of laboratory benches,10.0,2026-10-11 14:19:57.116472,IT & Electronics,High,50000.0,Completed,2,16,3,2026-09-27 14:19:57.291610,,,2026-09-27 14:19:57.170919,2026-09-27 14:19:57.568167,CONFIRMED,3c196f3958c95e93e48140e3c844306d39365d874694833ad69aa2169a1cbbaf,2026-09-27 14:19:57.195195,5000.0
58,PR-2026-0058,Engineering Lab,Precision Calibration Multimeter,Calibration of laboratory benches,10.0,2026-10-12 11:40:32.215254,IT & Electronics,High,50000.0,Completed,2,16,3,2026-09-28 11:40:32.576828,,,2026-09-28 11:40:32.340746,2026-09-28 11:40:32.944122,CONFIRMED,fa09aa6b7711504215363af48b1656fe6246b7b76d6823c0832b603aa9b85be0,2026-09-28 11:40:32.371627,5000.0
59,PR-2026-0059,Information Technology,High-Density Storage Server,Data storage expansion for analytics team,2.0,,IT & Electronics,High,16000.0,Ordered,57,2,3,2026-09-28 11:45:32.015663,,,2026-09-28 11:45:31.887458,2026-09-28 11:45:32.133497,CONFIRMED,57d49dd206079a64bb92bc5456dbb8ee24a9e2c87005d22f30512a6a6ab3c550,2026-09-28 11:45:31.897743,8000.0
60,PR-2026-0060,Engineering Lab,Precision Calibration Multimeter,Calibration of laboratory benches,10.0,2026-10-12 11:47:08.245753,IT & Electronics,High,50000.0,Completed,2,16,3,2026-09-28 11:47:08.489052,,,2026-09-28 11:47:08.320351,2026-09-28 11:47:08.876889,CONFIRMED,819bcab3f085c2ffd0531bda3fda7a6fe5ef845166543b6b29d05d211cac940f,2026-09-28 11:47:08.353749,5000.0
61,PR-2026-0061,Engineering Lab,Precision Calibration Multimeter,Calibration of laboratory benches,10.0,2026-10-12 11:51:27.844118,IT & Electronics,High,50000.0,Completed,2,16,3,2026-09-28 11:51:28.074772,,,2026-09-28 11:51:27.913250,2026-09-28 11:51:28.463225,CONFIRMED,07bf7cc5f454d1226ee39f1bbe7438ca4c370124c67fb2e54f172aca7b7b9501,2026-09-28 11:51:27.943487,5000.0
62,PR-2026-0062,Procurement,Laptop,Enterprise hardware refresh for operations and engineering teams,50.0,2026-09-29 00:00:00.000000,IT & Electronics,Urgent,2500000.0,Delivered,2,16,3,2026-09-28 13:12:00.418240,,,2026-09-28 13:07:29.132964,2026-09-28 13:13:40.260130,CONFIRMED,4448b79a58881f306953363edc94891257ad5a3fc0d376d1bf95ffea6f7f3599,2026-09-28 13:07:29.144744,50000.0
63,PR-2026-0063,Engineering Lab,Precision Calibration Multimeter,Calibration of laboratory benches,10.0,2026-10-13 11:42:55.288268,IT & Electronics,High,50000.0,Completed,2,16,3,2026-09-29 11:42:55.401216,,,2026-09-29 11:42:55.325262,2026-09-29 11:42:55.561548,CONFIRMED,082a6fc076129e625c47359d2eb2863a7018060400a32122011f01686c820ec2,2026-09-29 11:42:55.341309,5000.0
64,PR-2026-0064,Engineering Lab,Precision Calibration Multimeter,Calibration of laboratory benches,10.0,2026-10-13 12:30:42.385400,IT & Electronics,High,50000.0,Completed,2,16,3,2026-09-29 12:30:42.581975,,,2026-09-29 12:30:42.440473,2026-09-29 12:30:42.916709,CONFIRMED,3f1417c006a241d238aa75ee8a1f54687c55e4e7a362d3b792b642ecb7ef1ef4,2026-09-29 12:30:42.466959,5000.0
65,PR-2026-0065,Engineering Lab,Precision Calibration Multimeter,Calibration of laboratory benches,10.0,2026-10-13 13:02:51.140080,IT & Electronics,High,50000.0,Completed,2,16,3,2026-09-29 13:02:51.334556,,,2026-09-29 13:02:51.191829,2026-09-29 13:02:51.616999,CONFIRMED,a62428d09ab7ecdacdd9c1d839ffc58fa7ba7c79f64f4c93f483fe37507153fb,2026-09-29 13:02:51.214163,5000.0
66,PR-2026-0066,Engineering Lab,Precision Calibration Multimeter,Calibration of laboratory benches,10.0,2026-10-13 13:53:46.369920,IT & Electronics,High,50000.0,Completed,2,16,3,2026-09-29 13:53:46.552283,,,2026-09-29 13:53:46.422800,2026-09-29 13:53:46.815322,CONFIRMED,c1cc7c56d73167cc284ba4ea4fe65210fdcf8373be0c4e8e93fc07ada4c6c54e,2026-09-29 13:53:46.447985,5000.0
67,PR-2026-0067,Procurement,phone,Enterprise hardware refresh for operations and engineering teams,50.0,2026-10-15 00:00:00.000000,IT & Electronics,High,24977.0,Delivered,2,16,3,2026-09-29 14:11:51.993789,,,2026-09-29 14:09:30.637028,2026-09-29 14:14:01.235173,CONFIRMED,51454b7fd79a94b160fc1cac236afcefc02f2348aee01bdce260f5ccd075b461,2026-09-29 14:09:30.660738,499.54
68,PR-2026-0068,Engineering Lab,Precision Calibration Multimeter,Calibration of laboratory benches,10.0,2026-10-13 14:19:51.166061,IT & Electronics,High,50000.0,Completed,2,16,3,2026-09-29 14:19:51.341322,,,2026-09-29 14:19:51.222154,2026-09-29 14:19:51.604215,CONFIRMED,6b04404d0774725b2035b2e8475f174cb7aef2b4c8941032b8ffddd42d785bd0,2026-09-29 14:19:51.243943,5000.0
69,PR-2026-0069,Engineering Lab,Precision Calibration Multimeter,Calibration of laboratory benches,10.0,2026-10-13 14:33:21.928294,IT & Electronics,High,50000.0,Completed,2,16,3,2026-09-29 14:33:22.103357,,,2026-09-29 14:33:21.979371,2026-09-29 14:33:22.447396,CONFIRMED,d48ca509de711cea45e059698411a94468265b063949bc84fb404ccc7b8f59ad,2026-09-29 14:33:22.001351,5000.0
70,PR-2026-0070,Procurement,mouse,Enterprise hardware refresh for operations and engineering teams,5.0,2026-09-01 00:00:00.000000,IT & Electronics,High,250.0,Completed,2,16,3,2026-10-01 14:19:36.818988,,,2026-10-01 14:19:09.838095,2026-10-01 14:27:48.324769,CONFIRMED,be7ab011538fd04f1f4fbc5ce1ba721f3270720d4057f7fe80cc25a752151e4d,2026-10-01 14:19:09.860183,50.0
71,PR-2026-0071,Engineering Lab,Precision Calibration Multimeter,Calibration of laboratory benches,10.0,2026-10-15 16:55:02.006380,IT & Electronics,High,50000.0,Completed,2,16,3,2026-10-01 16:55:02.226601,,,2026-10-01 16:55:02.099843,2026-10-01 16:55:02.549853,CONFIRMED,7e1926f55d9e3c7fe796dac60c922d3938a6ee15c30cc5e05bf81cb56c095769,2026-10-01 16:55:02.124005,5000.0
72,PR-2026-0072,Manufacturing & Production,High-Grade Industrial Fasteners,Assembly line inventory buffer replenishment,100.0,2026-11-01 00:00:00.000000,Raw Materials,High,12000.0,SUBMITTED,2,,,,,,2026-10-01 16:58:21.922181,2026-10-01 16:58:21.942417,CONFIRMED,258a30f8f783ba10d11df5acd54d960fe715104caa67e35071844570b7208564,2026-10-01 16:58:21.936258,120.0
73,PR-2026-0073,Manufacturing & Production,"Industrial Metals, Polymers & Composites",Assembly line inventory buffer replenishment,100.0,2026-11-01 00:00:00.000000,Raw Materials,High,12000.0,Completed,2,1,3,2026-10-01 17:00:14.989296,,,2026-10-01 17:00:14.927171,2026-10-01 17:00:15.461967,CONFIRMED,8cbc0c3baffc06efbf3e0e42747c24e68ed24652837f4d76ff7356b68e49819c,2026-10-01 17:00:14.939271,120.0
74,PR-TEST-20261001170158,IT Infrastructure,High Performance Laptops Lifecycle Test,Testing moving order tracking synchronization,20.0,2026-10-15 17:01:58.350504,Raw Material Suppliers,High,150000.0,Completed,2,1,,,,,2026-10-01 17:01:58.352855,2026-10-01 17:01:58.433252,PENDING,,,7500.0
75,PR-2026-0075,Information Technology,Laptop,New employee requirements - 50 high-performance engineering laptops,50.0,2026-10-15 00:00:00.000000,IT & Electronics,High,2500000.0,VENDOR_SELECTED,2,16,,,,,2026-10-01 17:02:09.484272,2026-10-01 17:02:09.646254,CONFIRMED,ee64b2d0dcbb82655db8735f1a20e952c0dbfa66c9099bec1ba0b0beff7692a8,2026-10-01 17:02:09.513747,50000.0
76,PR-2026-0076,Information Technology,High-Density Storage Server,Data storage expansion for analytics team,2.0,,IT & Electronics,High,16000.0,Completed,64,16,3,2026-10-01 17:18:05.222781,,,2026-10-01 17:02:43.145885,2026-10-01 17:22:30.553749,CONFIRMED,035512bd69fa33c6db0abd993132df9ab0f646eb040757868e999ab67e34a3ef,2026-10-01 17:02:43.153578,8000.0
77,PR-2026-0077,Information Technology,Laptop,Data storage expansion for analytics team,2.0,,IT & Electronics,High,16000.0,Ordered,65,16,3,2026-10-01 17:04:14.930431,,,2026-10-01 17:04:14.825351,2026-10-01 17:04:15.051652,CONFIRMED,8e062a260af9c3063286fd9eb8bbed8bde1b7434790015d4a78308227adcd566,2026-10-01 17:04:14.833979,8000.0
78,PR-2026-0078,Information Technology,Laptop,Data storage expansion for analytics team,2.0,,IT & Electronics,High,16000.0,Ordered,66,16,3,2026-10-01 17:04:31.321897,,,2026-10-01 17:04:31.223177,2026-10-01 17:04:31.467554,CONFIRMED,fca53b8de42885d020c5c36c6b4fd9dac76efbb99b81d54585a507753098b5bf,2026-10-01 17:04:31.230322,8000.0
79,PR-2026-0079,Manufacturing & Production,Laptop,Enterprise hardware refresh for operations and engineering teams,50.0,2026-10-01 00:00:00.000000,Services & Maintenance,High,2500.0,SUBMITTED,2,,,,,,2026-10-01 17:15:57.982876,2026-10-01 17:15:58.008299,CONFIRMED,3ae6293f4b0809dc9692a97ebfabf2612802a31b9c40a8f94fc51cb6a1c5c770,2026-10-01 17:15:57.998181,50.0
80,PR-2026-0080,Information Technology,Laptop,Enterprise hardware refresh for operations and engineering teams,50.0,2026-10-15 00:00:00.000000,IT & Electronics,High,2500000.0,SUBMITTED,2,,,,,,2026-10-01 17:16:42.727016,2026-10-01 17:16:42.736656,CONFIRMED,8d45ad0dbd95ab4ad205cd9d5337a07954efbe0a2c4c8c7d0c041bed23448d56,2026-10-01 17:16:42.735349,50000.0
81,PR-2026-0081,Engineering Lab,Precision Calibration Multimeter,Calibration of laboratory benches,10.0,2026-10-15 17:49:36.661402,IT & Electronics,High,50000.0,Completed,2,16,3,2026-10-01 17:49:36.843867,,,2026-10-01 17:49:36.716573,2026-10-01 17:49:37.115890,CONFIRMED,27fbd18efab586772a31619b37235272af6cf6efdf4ef5279e9e67c5aff4a1e6,2026-10-01 17:49:36.745424,5000.0
82,PR-2026-0082,Engineering Lab,Precision Calibration Multimeter,Calibration of laboratory benches,10.0,2026-10-15 17:58:32.418930,IT & Electronics,High,50000.0,Completed,2,16,3,2026-10-01 17:58:32.614295,,,2026-10-01 17:58:32.470162,2026-10-01 17:58:32.895280,CONFIRMED,a5846829f04875740b408997520e675c99d014d47ccdcfd391e0c1ddd437c818,2026-10-01 17:58:32.500282,5000.0
83,PR-2026-0083,Information Technology,Laptop,New employee requirements - 50 high-performance engineering laptops,50.0,2026-10-15 00:00:00.000000,IT & Electronics,High,2500000.0,VENDOR_SELECTED,2,16,,,,,2026-10-01 17:58:47.308747,2026-10-01 17:58:47.465066,CONFIRMED,40861111ef68a43e574927e52e9a55177c9ca0b37082ce8fca29935d4826b706,2026-10-01 17:58:47.337034,50000.0
84,PR-2026-0084,Manufacturing & Production,Precision Ball Bearings,Replacement bearings for CNC assembly lines,25.0,,Machinery & Spare Parts,High,10000.0,SUBMITTED,2,,,,,,2026-10-01 17:59:13.454380,2026-10-01 17:59:13.487331,CONFIRMED,6f01f71d6ef85ff54efa21f7a4c8fc44d180024ca9b405e11924fadf7693c67b,2026-10-01 17:59:13.479205,400.0
85,PR-2026-0085,Manufacturing & Production,Precision Ball Bearings,Replacement bearings for CNC assembly lines,25.0,,Machinery & Spare Parts,High,10000.0,SUBMITTED,2,,,,,,2026-10-01 18:01:52.679122,2026-10-01 18:01:52.712190,CONFIRMED,ec961c0c1e84cdf201000be2694c7438fc12a2db5d52669a950f2204200c75d2,2026-10-01 18:01:52.703322,400.0
86,PR-2026-0086,Corporate Finance,Server Memory Modules,RAM upgrades for analytics cluster,20.0,,IT & Electronics,Medium,3000.0,SUBMITTED,2,,,,,,2026-10-01 18:02:06.617753,2026-10-01 18:02:06.657326,CONFIRMED,990a639fbac0e44c04385b58d470ecba525c5c8db707ef80a2fcb97e157fabd6,2026-10-01 18:02:06.653032,150.0
87,PR-2026-0087,Engineering Lab,Precision Calibration Multimeter,Calibration of laboratory benches,10.0,2026-10-15 18:02:25.416866,IT & Electronics,High,50000.0,Completed,2,16,3,2026-10-01 18:02:25.619503,,,2026-10-01 18:02:25.478755,2026-10-01 18:02:25.896529,CONFIRMED,eb2ccfc9c748ec06ae300a09cc8bef79a6f67a7f24e823ae696810db818b32ab,2026-10-01 18:02:25.507427,5000.0
88,PR-2026-0088,Manufacturing & Production,"Industrial Metals, Polymers & Composites",Assembly line inventory buffer replenishment,100.0,2026-11-01 00:00:00.000000,Raw Materials,High,12000.0,Completed,2,1,3,2026-10-01 18:02:32.372941,,,2026-10-01 18:02:32.312964,2026-10-01 18:02:32.812563,CONFIRMED,063f9931494d4de3aff11c4a3a5e57523de5f840cf9c825005e31b2daaf0c5d3,2026-10-01 18:02:32.324728,120.0
89,PR-2026-0089,Procurement,keyboard,Enterprise hardware refresh for operations and engineering teams,50.0,2026-10-04 00:00:00.000000,IT & Electronics,High,250000.0,Ordered,2,16,3,2026-10-03 17:33:47.428134,,,2026-10-03 17:32:24.930523,2026-10-03 18:47:15.836253,CONFIRMED,d9f67e8d1062bf902501a6346ed2bdbd32f20a8e0f85dd0bce4d3ea801f154c1,2026-10-03 17:32:24.944678,5000.0
