id,po_number,procurement_request_id,vendor_id,created_by_id,issued_by_id,total_amount,currency,status,issued_at,vendor_accepted_at,vendor_rejection_reason,dispatch_date,carrier,tracking_number,expected_delivery_date,actual_delivery_date,terms_and_conditions,shipping_address,notes,created_at,updated_at,blockchain_status,blockchain_tx_hash,blockchain_confirmed_at,delivery_status,vendor_rejected_at,delivery_remarks
1,PO-2026-0001,,1,4,4,39500.0,USD,Rejected,2026-09-19 17:45:37.982073,2026-10-03 14:48:00.147476,Insufficient manufacturing capacity for this delivery schedule.,2026-10-01 13:56:14.374001,DHL Express Freight,TRK-DHL-9921,2026-10-03 17:45:37.982087,2026-10-03 14:48:00.179061,Net 30 Days. Full delivery required.,"Central Logistics Terminal, Dock 4, Chicago, IL","Package in transit, estimated arrival updated",2026-09-21 17:45:37.983672,2026-10-03 14:48:00.216723,CONFIRMED,48a1016ad0801df61f5cf89c1b76a61532933422fe1964caa6eee97b59522f50,2026-10-01 13:56:14.312986,Delivered,2026-10-03 14:48:00.216714,Shipment updated to Delivered
2,PO-2026-0002,,2,4,4,18400.0,USD,In Transit,2026-09-16 17:45:37.985833,2026-09-17 17:45:37.985845,,2026-09-20 17:45:37.985852,FedEx Ground Priority,FX-9920148201,2026-09-24 17:45:37.985858,,,"Silicon Distribution Hub, San Jose, CA",,2026-09-21 17:45:37.986240,2026-09-21 17:45:37.986243,PENDING,,,Not Started,,
3,PO-2026-0003,,3,4,4,12500.0,USD,Delivered,2026-09-11 17:45:37.987979,2026-09-12 17:45:37.987991,,2026-09-14 17:45:37.987998,Global SeaFreight Logistics,GCL-8841092,2026-09-18 17:45:37.988011,2026-09-20 17:45:37.988004,,,,2026-09-21 17:45:37.988390,2026-09-21 17:45:37.988393,PENDING,,,Not Started,,
4,PO-2026-0004,,1,4,4,54000.0,USD,Completed,2026-08-27 17:45:37.996535,2026-08-28 17:45:37.996550,,2026-09-01 17:45:37.996558,DHL Express Freight,DHL-5501928,2026-09-06 17:45:37.996573,2026-09-06 17:45:37.996565,,,,2026-09-21 17:45:37.997051,2026-09-21 17:45:37.997057,PENDING,,,Not Started,,
5,PO-2026-0005,,4,4,4,32000.0,USD,Delivered,2026-09-01 17:45:38.013104,2026-09-02 17:45:38.013121,,2026-09-09 17:45:38.013130,Freight Direct,FD-4401928,2026-09-14 17:45:38.013146,2026-09-19 17:45:38.013138,,,,2026-09-21 17:45:38.013608,2026-09-21 17:45:38.013611,PENDING,,,Not Started,,
6,PO-2026-0006,7,1,4,,11500.0,USD,Draft,,,,,,,2026-10-15 00:00:00.000000,,Standard Enterprise Terms (Net 30 Days). Strict SLA enforcement.,"Enterprise Central Warehouse, Dock 4",,2026-09-21 17:54:57.995387,2026-09-21 17:54:57.995394,PENDING,,,Not Started,,
7,PO-2026-0007,8,1,4,4,11500.0,USD,In Transit,2026-09-21 17:55:45.848006,2026-09-28 14:16:57.164247,,2026-09-28 14:16:59.217603,FedEx Freight Express,TRK-EXP-9921,2026-10-15 00:00:00.000000,,Standard Enterprise Terms (Net 30 Days). Strict SLA enforcement.,"Enterprise Central Warehouse, Dock 4",All crated components securely palletized.,2026-09-21 17:55:45.826770,2026-09-28 14:16:59.217616,CONFIRMED,98eee5a8b7ee2d26117112e9eec1cb08a407b857166c66ecfe0ce24a230d1733,2026-09-28 14:16:57.197510,Not Started,,
8,PO-2026-0008,9,1,4,4,11500.0,USD,In Transit,2026-09-21 17:56:17.339138,2026-09-21 17:56:17.362308,,,,,2026-10-15 00:00:00.000000,,Standard Enterprise Terms (Net 30 Days). Strict SLA enforcement.,"Enterprise Central Warehouse, Dock 4",,2026-09-21 17:56:17.321009,2026-09-21 17:56:17.377760,PENDING,,,Not Started,,
9,PO-2026-0009,10,1,4,4,11500.0,USD,Completed,2026-09-21 17:57:04.152669,2026-09-21 17:57:04.181697,,,,,2026-10-15 00:00:00.000000,2026-10-14 10:00:00.000000,Standard Enterprise Terms (Net 30 Days). Strict SLA enforcement.,"Enterprise Central Warehouse, Dock 4",,2026-09-21 17:57:04.132543,2026-09-21 17:57:04.347185,PENDING,,,Not Started,,
10,PO-2026-0010,11,1,4,4,11500.0,USD,Completed,2026-09-21 18:05:36.731491,2026-09-21 18:05:36.756346,,,,,2026-10-15 00:00:00.000000,2026-10-14 10:00:00.000000,Standard Enterprise Terms (Net 30 Days). Strict SLA enforcement.,"Enterprise Central Warehouse, Dock 4",,2026-09-21 18:05:36.711510,2026-09-21 18:06:26.729629,PENDING,,,Not Started,,
11,PO-2026-0011,12,1,4,4,11500.0,USD,Completed,2026-09-21 18:06:45.461651,2026-09-21 18:06:45.484193,,,,,2026-10-15 00:00:00.000000,2026-10-14 10:00:00.000000,Standard Enterprise Terms (Net 30 Days). Strict SLA enforcement.,"Enterprise Central Warehouse, Dock 4",,2026-09-21 18:06:45.442557,2026-09-21 18:06:45.597857,PENDING,,,Not Started,,
12,PO-16-0001,,16,4,4,500000.0,INR,Delivered,2026-03-10 12:12:01.954181,2026-03-11 12:12:01.954181,,2026-03-20 12:12:01.954181,Bluedart Surface Express,,2026-03-19 12:12:01.954181,2026-03-22 12:12:01.954181,Net 30 Days.,"Central IT Store, Tech Park, Bengaluru",,2026-09-22 12:12:01.956145,2026-09-22 12:12:01.956148,PENDING,,,Not Started,,
13,PO-16-0002,,16,4,4,500000.0,INR,Delivered,2026-03-13 12:12:01.959710,2026-03-14 12:12:01.959710,,2026-03-23 12:12:01.959710,Bluedart Surface Express,,2026-03-22 12:12:01.959710,2026-03-25 12:12:01.959710,Net 30 Days.,"Central IT Store, Tech Park, Bengaluru",,2026-09-22 12:12:01.960425,2026-09-22 12:12:01.960428,PENDING,,,Not Started,,
14,PO-16-0003,,16,4,4,500000.0,INR,Delivered,2026-03-16 12:12:01.967759,2026-03-17 12:12:01.967759,,2026-03-23 12:12:01.967759,Bluedart Surface Express,,2026-03-25 12:12:01.967759,2026-03-25 12:12:01.967759,Net 30 Days.,"Central IT Store, Tech Park, Bengaluru",,2026-09-22 12:12:01.968409,2026-09-22 12:12:01.968412,PENDING,,,Not Started,,
15,PO-16-0004,,16,4,4,500000.0,INR,Delivered,2026-03-19 12:12:01.971104,2026-03-20 12:12:01.971104,,2026-03-26 12:12:01.971104,Bluedart Surface Express,,2026-03-28 12:12:01.971104,2026-03-28 12:12:01.971104,Net 30 Days.,"Central IT Store, Tech Park, Bengaluru",,2026-09-22 12:12:01.971715,2026-09-22 12:12:01.971718,PENDING,,,Not Started,,
16,PO-16-0005,,16,4,4,500000.0,INR,Delivered,2026-03-22 12:12:01.974190,2026-03-23 12:12:01.974190,,2026-03-29 12:12:01.974190,Bluedart Surface Express,,2026-03-31 12:12:01.974190,2026-03-31 12:12:01.974190,Net 30 Days.,"Central IT Store, Tech Park, Bengaluru",,2026-09-22 12:12:01.974759,2026-09-22 12:12:01.974762,PENDING,,,Not Started,,
17,PO-16-0006,,16,4,4,500000.0,INR,Delivered,2026-03-25 12:12:01.977056,2026-03-26 12:12:01.977056,,2026-04-01 12:12:01.977056,Bluedart Surface Express,,2026-04-03 12:12:01.977056,2026-04-03 12:12:01.977056,Net 30 Days.,"Central IT Store, Tech Park, Bengaluru",,2026-09-22 12:12:01.977894,2026-09-22 12:12:01.977898,PENDING,,,Not Started,,
18,PO-16-0007,,16,4,4,500000.0,INR,Delivered,2026-03-28 12:12:01.980495,2026-03-29 12:12:01.980495,,2026-04-04 12:12:01.980495,Bluedart Surface Express,,2026-04-06 12:12:01.980495,2026-04-06 12:12:01.980495,Net 30 Days.,"Central IT Store, Tech Park, Bengaluru",,2026-09-22 12:12:01.981073,2026-09-22 12:12:01.981076,PENDING,,,Not Started,,
19,PO-16-0008,,16,4,4,500000.0,INR,Delivered,2026-03-31 12:12:01.983729,2026-04-01 12:12:01.983729,,2026-04-07 12:12:01.983729,Bluedart Surface Express,,2026-04-09 12:12:01.983729,2026-04-09 12:12:01.983729,Net 30 Days.,"Central IT Store, Tech Park, Bengaluru",,2026-09-22 12:12:01.984462,2026-09-22 12:12:01.984466,PENDING,,,Not Started,,
20,PO-16-0009,,16,4,4,500000.0,INR,Delivered,2026-04-03 12:12:01.987371,2026-04-04 12:12:01.987371,,2026-04-10 12:12:01.987371,Bluedart Surface Express,,2026-04-12 12:12:01.987371,2026-04-12 12:12:01.987371,Net 30 Days.,"Central IT Store, Tech Park, Bengaluru",,2026-09-22 12:12:01.987963,2026-09-22 12:12:01.987966,PENDING,,,Not Started,,
21,PO-16-0010,,16,4,4,500000.0,INR,Delivered,2026-04-06 12:12:01.990248,2026-04-07 12:12:01.990248,,2026-04-13 12:12:01.990248,Bluedart Surface Express,,2026-04-15 12:12:01.990248,2026-04-15 12:12:01.990248,Net 30 Days.,"Central IT Store, Tech Park, Bengaluru",,2026-09-22 12:12:01.990823,2026-09-22 12:12:01.990826,PENDING,,,Not Started,,
22,PO-16-0011,,16,4,4,500000.0,INR,Delivered,2026-04-09 12:12:01.993798,2026-04-10 12:12:01.993798,,2026-04-16 12:12:01.993798,Bluedart Surface Express,,2026-04-18 12:12:01.993798,2026-04-18 12:12:01.993798,Net 30 Days.,"Central IT Store, Tech Park, Bengaluru",,2026-09-22 12:12:01.994848,2026-09-22 12:12:01.994852,PENDING,,,Not Started,,
23,PO-16-0012,,16,4,4,500000.0,INR,Delivered,2026-04-12 12:12:01.997587,2026-04-13 12:12:01.997587,,2026-04-19 12:12:01.997587,Bluedart Surface Express,,2026-04-21 12:12:01.997587,2026-04-21 12:12:01.997587,Net 30 Days.,"Central IT Store, Tech Park, Bengaluru",,2026-09-22 12:12:01.998167,2026-09-22 12:12:01.998170,PENDING,,,Not Started,,
24,PO-16-0013,,16,4,4,500000.0,INR,Delivered,2026-04-15 12:12:02.000686,2026-04-16 12:12:02.000686,,2026-04-22 12:12:02.000686,Bluedart Surface Express,,2026-04-24 12:12:02.000686,2026-04-24 12:12:02.000686,Net 30 Days.,"Central IT Store, Tech Park, Bengaluru",,2026-09-22 12:12:02.001314,2026-09-22 12:12:02.001317,PENDING,,,Not Started,,
25,PO-16-0014,,16,4,4,500000.0,INR,Delivered,2026-04-18 12:12:02.004020,2026-04-19 12:12:02.004020,,2026-04-25 12:12:02.004020,Bluedart Surface Express,,2026-04-27 12:12:02.004020,2026-04-27 12:12:02.004020,Net 30 Days.,"Central IT Store, Tech Park, Bengaluru",,2026-09-22 12:12:02.004630,2026-09-22 12:12:02.004632,PENDING,,,Not Started,,
26,PO-16-0015,,16,4,4,500000.0,INR,Delivered,2026-04-21 12:12:02.007087,2026-04-22 12:12:02.007087,,2026-04-28 12:12:02.007087,Bluedart Surface Express,,2026-04-30 12:12:02.007087,2026-04-30 12:12:02.007087,Net 30 Days.,"Central IT Store, Tech Park, Bengaluru",,2026-09-22 12:12:02.007673,2026-09-22 12:12:02.007677,PENDING,,,Not Started,,
27,PO-16-0016,,16,4,4,500000.0,INR,Delivered,2026-04-24 12:12:02.010508,2026-04-25 12:12:02.010508,,2026-05-01 12:12:02.010508,Bluedart Surface Express,,2026-05-03 12:12:02.010508,2026-05-03 12:12:02.010508,Net 30 Days.,"Central IT Store, Tech Park, Bengaluru",,2026-09-22 12:12:02.011111,2026-09-22 12:12:02.011114,PENDING,,,Not Started,,
28,PO-16-0017,,16,4,4,500000.0,INR,Delivered,2026-04-27 12:12:02.013468,2026-04-28 12:12:02.013468,,2026-05-04 12:12:02.013468,Bluedart Surface Express,,2026-05-06 12:12:02.013468,2026-05-06 12:12:02.013468,Net 30 Days.,"Central IT Store, Tech Park, Bengaluru",,2026-09-22 12:12:02.014051,2026-09-22 12:12:02.014054,PENDING,,,Not Started,,
29,PO-16-0018,,16,4,4,500000.0,INR,Delivered,2026-04-30 12:12:02.016347,2026-05-01 12:12:02.016347,,2026-05-07 12:12:02.016347,Bluedart Surface Express,,2026-05-09 12:12:02.016347,2026-05-09 12:12:02.016347,Net 30 Days.,"Central IT Store, Tech Park, Bengaluru",,2026-09-22 12:12:02.017044,2026-09-22 12:12:02.017047,PENDING,,,Not Started,,
30,PO-16-0019,,16,4,4,500000.0,INR,Delivered,2026-05-03 12:12:02.019870,2026-05-04 12:12:02.019870,,2026-05-10 12:12:02.019870,Bluedart Surface Express,,2026-05-12 12:12:02.019870,2026-05-12 12:12:02.019870,Net 30 Days.,"Central IT Store, Tech Park, Bengaluru",,2026-09-22 12:12:02.020468,2026-09-22 12:12:02.020471,PENDING,,,Not Started,,
31,PO-16-0020,,16,4,4,500000.0,INR,Delivered,2026-05-06 12:12:02.022776,2026-05-07 12:12:02.022776,,2026-05-13 12:12:02.022776,Bluedart Surface Express,,2026-05-15 12:12:02.022776,2026-05-15 12:12:02.022776,Net 30 Days.,"Central IT Store, Tech Park, Bengaluru",,2026-09-22 12:12:02.023326,2026-09-22 12:12:02.023329,PENDING,,,Not Started,,
32,PO-16-0021,,16,4,4,500000.0,INR,Delivered,2026-05-09 12:12:02.026086,2026-05-10 12:12:02.026086,,2026-05-16 12:12:02.026086,Bluedart Surface Express,,2026-05-18 12:12:02.026086,2026-05-18 12:12:02.026086,Net 30 Days.,"Central IT Store, Tech Park, Bengaluru",,2026-09-22 12:12:02.026952,2026-09-22 12:12:02.026956,PENDING,,,Not Started,,
33,PO-16-0022,,16,4,4,500000.0,INR,Delivered,2026-05-12 12:12:02.030286,2026-05-13 12:12:02.030286,,2026-05-19 12:12:02.030286,Bluedart Surface Express,,2026-05-21 12:12:02.030286,2026-05-21 12:12:02.030286,Net 30 Days.,"Central IT Store, Tech Park, Bengaluru",,2026-09-22 12:12:02.030974,2026-09-22 12:12:02.030977,PENDING,,,Not Started,,
34,PO-16-0023,,16,4,4,500000.0,INR,Delivered,2026-05-15 12:12:02.033763,2026-05-16 12:12:02.033763,,2026-05-22 12:12:02.033763,Bluedart Surface Express,,2026-05-24 12:12:02.033763,2026-05-24 12:12:02.033763,Net 30 Days.,"Central IT Store, Tech Park, Bengaluru",,2026-09-22 12:12:02.034400,2026-09-22 12:12:02.034403,PENDING,,,Not Started,,
35,PO-16-0024,,16,4,4,500000.0,INR,Delivered,2026-05-18 12:12:02.037222,2026-05-19 12:12:02.037222,,2026-05-25 12:12:02.037222,Bluedart Surface Express,,2026-05-27 12:12:02.037222,2026-05-27 12:12:02.037222,Net 30 Days.,"Central IT Store, Tech Park, Bengaluru",,2026-09-22 12:12:02.037855,2026-09-22 12:12:02.037859,PENDING,,,Not Started,,
36,PO-16-0025,,16,4,4,500000.0,INR,Delivered,2026-05-21 12:12:02.040524,2026-05-22 12:12:02.040524,,2026-05-28 12:12:02.040524,Bluedart Surface Express,,2026-05-30 12:12:02.040524,2026-05-30 12:12:02.040524,Net 30 Days.,"Central IT Store, Tech Park, Bengaluru",,2026-09-22 12:12:02.041108,2026-09-22 12:12:02.041112,PENDING,,,Not Started,,
37,PO-16-0026,,16,4,4,500000.0,INR,Delivered,2026-05-24 12:12:02.043545,2026-05-25 12:12:02.043545,,2026-05-31 12:12:02.043545,Bluedart Surface Express,,2026-06-02 12:12:02.043545,2026-06-02 12:12:02.043545,Net 30 Days.,"Central IT Store, Tech Park, Bengaluru",,2026-09-22 12:12:02.044112,2026-09-22 12:12:02.044115,PENDING,,,Not Started,,
38,PO-16-0027,,16,4,4,500000.0,INR,Delivered,2026-05-27 12:12:02.046518,2026-05-28 12:12:02.046518,,2026-06-03 12:12:02.046518,Bluedart Surface Express,,2026-06-05 12:12:02.046518,2026-06-05 12:12:02.046518,Net 30 Days.,"Central IT Store, Tech Park, Bengaluru",,2026-09-22 12:12:02.047081,2026-09-22 12:12:02.047084,PENDING,,,Not Started,,
39,PO-16-0028,,16,4,4,500000.0,INR,Delivered,2026-05-30 12:12:02.049388,2026-05-31 12:12:02.049388,,2026-06-06 12:12:02.049388,Bluedart Surface Express,,2026-06-08 12:12:02.049388,2026-06-08 12:12:02.049388,Net 30 Days.,"Central IT Store, Tech Park, Bengaluru",,2026-09-22 12:12:02.049941,2026-09-22 12:12:02.049944,PENDING,,,Not Started,,
40,PO-16-0029,,16,4,4,500000.0,INR,Delivered,2026-06-02 12:12:02.052264,2026-06-03 12:12:02.052264,,2026-06-09 12:12:02.052264,Bluedart Surface Express,,2026-06-11 12:12:02.052264,2026-06-11 12:12:02.052264,Net 30 Days.,"Central IT Store, Tech Park, Bengaluru",,2026-09-22 12:12:02.052901,2026-09-22 12:12:02.052904,PENDING,,,Not Started,,
41,PO-16-0030,,16,4,4,500000.0,INR,Delivered,2026-06-05 12:12:02.055549,2026-06-06 12:12:02.055549,,2026-06-12 12:12:02.055549,Bluedart Surface Express,,2026-06-14 12:12:02.055549,2026-06-14 12:12:02.055549,Net 30 Days.,"Central IT Store, Tech Park, Bengaluru",,2026-09-22 12:12:02.056457,2026-09-22 12:12:02.056461,PENDING,,,Not Started,,
42,PO-16-0031,,16,4,4,500000.0,INR,Delivered,2026-06-08 12:12:02.058995,2026-06-09 12:12:02.058995,,2026-06-15 12:12:02.058995,Bluedart Surface Express,,2026-06-17 12:12:02.058995,2026-06-17 12:12:02.058995,Net 30 Days.,"Central IT Store, Tech Park, Bengaluru",,2026-09-22 12:12:02.059635,2026-09-22 12:12:02.059638,PENDING,,,Not Started,,
43,PO-16-0032,,16,4,4,500000.0,INR,Delivered,2026-06-11 12:12:02.062363,2026-06-12 12:12:02.062363,,2026-06-18 12:12:02.062363,Bluedart Surface Express,,2026-06-20 12:12:02.062363,2026-06-20 12:12:02.062363,Net 30 Days.,"Central IT Store, Tech Park, Bengaluru",,2026-09-22 12:12:02.063008,2026-09-22 12:12:02.063011,PENDING,,,Not Started,,
44,PO-16-0033,,16,4,4,500000.0,INR,Delivered,2026-06-14 12:12:02.065481,2026-06-15 12:12:02.065481,,2026-06-21 12:12:02.065481,Bluedart Surface Express,,2026-06-23 12:12:02.065481,2026-06-23 12:12:02.065481,Net 30 Days.,"Central IT Store, Tech Park, Bengaluru",,2026-09-22 12:12:02.066101,2026-09-22 12:12:02.066104,PENDING,,,Not Started,,
45,PO-16-0034,,16,4,4,500000.0,INR,Delivered,2026-06-17 12:12:02.069257,2026-06-18 12:12:02.069257,,2026-06-24 12:12:02.069257,Bluedart Surface Express,,2026-06-26 12:12:02.069257,2026-06-26 12:12:02.069257,Net 30 Days.,"Central IT Store, Tech Park, Bengaluru",,2026-09-22 12:12:02.069966,2026-09-22 12:12:02.069969,PENDING,,,Not Started,,
46,PO-16-0035,,16,4,4,500000.0,INR,Delivered,2026-06-20 12:12:02.073488,2026-06-21 12:12:02.073488,,2026-06-27 12:12:02.073488,Bluedart Surface Express,,2026-06-29 12:12:02.073488,2026-06-29 12:12:02.073488,Net 30 Days.,"Central IT Store, Tech Park, Bengaluru",,2026-09-22 12:12:02.074154,2026-09-22 12:12:02.074157,PENDING,,,Not Started,,
47,PO-16-0036,,16,4,4,500000.0,INR,Delivered,2026-06-23 12:12:02.076914,2026-06-24 12:12:02.076914,,2026-06-30 12:12:02.076914,Bluedart Surface Express,,2026-07-02 12:12:02.076914,2026-07-02 12:12:02.076914,Net 30 Days.,"Central IT Store, Tech Park, Bengaluru",,2026-09-22 12:12:02.077517,2026-09-22 12:12:02.077520,PENDING,,,Not Started,,
48,PO-16-0037,,16,4,4,500000.0,INR,Delivered,2026-06-26 12:12:02.080256,2026-06-27 12:12:02.080256,,2026-07-03 12:12:02.080256,Bluedart Surface Express,,2026-07-05 12:12:02.080256,2026-07-05 12:12:02.080256,Net 30 Days.,"Central IT Store, Tech Park, Bengaluru",,2026-09-22 12:12:02.080872,2026-09-22 12:12:02.080875,PENDING,,,Not Started,,
49,PO-16-0038,,16,4,4,500000.0,INR,Delivered,2026-06-29 12:12:02.083689,2026-06-30 12:12:02.083689,,2026-07-06 12:12:02.083689,Bluedart Surface Express,,2026-07-08 12:12:02.083689,2026-07-08 12:12:02.083689,Net 30 Days.,"Central IT Store, Tech Park, Bengaluru",,2026-09-22 12:12:02.084347,2026-09-22 12:12:02.084350,PENDING,,,Not Started,,
50,PO-16-0039,,16,4,4,500000.0,INR,Delivered,2026-07-02 12:12:02.087229,2026-07-03 12:12:02.087229,,2026-07-09 12:12:02.087229,Bluedart Surface Express,,2026-07-11 12:12:02.087229,2026-07-11 12:12:02.087229,Net 30 Days.,"Central IT Store, Tech Park, Bengaluru",,2026-09-22 12:12:02.088064,2026-09-22 12:12:02.088069,PENDING,,,Not Started,,
51,PO-16-0040,,16,4,4,500000.0,INR,Delivered,2026-07-05 12:12:02.091619,2026-07-06 12:12:02.091619,,2026-07-12 12:12:02.091619,Bluedart Surface Express,,2026-07-14 12:12:02.091619,2026-07-14 12:12:02.091619,Net 30 Days.,"Central IT Store, Tech Park, Bengaluru",,2026-09-22 12:12:02.092228,2026-09-22 12:12:02.092231,PENDING,,,Not Started,,
52,PO-16-0041,,16,4,4,500000.0,INR,Delivered,2026-07-08 12:12:02.096516,2026-07-09 12:12:02.096516,,2026-07-15 12:12:02.096516,Bluedart Surface Express,,2026-07-17 12:12:02.096516,2026-07-17 12:12:02.096516,Net 30 Days.,"Central IT Store, Tech Park, Bengaluru",,2026-09-22 12:12:02.097670,2026-09-22 12:12:02.097676,PENDING,,,Not Started,,
53,PO-16-0042,,16,4,4,500000.0,INR,Delivered,2026-07-11 12:12:02.102481,2026-07-12 12:12:02.102481,,2026-07-18 12:12:02.102481,Bluedart Surface Express,,2026-07-20 12:12:02.102481,2026-07-20 12:12:02.102481,Net 30 Days.,"Central IT Store, Tech Park, Bengaluru",,2026-09-22 12:12:02.103676,2026-09-22 12:12:02.103682,PENDING,,,Not Started,,
54,PO-16-0043,,16,4,4,500000.0,INR,Delivered,2026-07-14 12:12:02.107853,2026-07-15 12:12:02.107853,,2026-07-21 12:12:02.107853,Bluedart Surface Express,,2026-07-23 12:12:02.107853,2026-07-23 12:12:02.107853,Net 30 Days.,"Central IT Store, Tech Park, Bengaluru",,2026-09-22 12:12:02.108517,2026-09-22 12:12:02.108520,PENDING,,,Not Started,,
55,PO-16-0044,,16,4,4,500000.0,INR,Delivered,2026-07-17 12:12:02.111609,2026-07-18 12:12:02.111609,,2026-07-24 12:12:02.111609,Bluedart Surface Express,,2026-07-26 12:12:02.111609,2026-07-26 12:12:02.111609,Net 30 Days.,"Central IT Store, Tech Park, Bengaluru",,2026-09-22 12:12:02.112452,2026-09-22 12:12:02.112458,PENDING,,,Not Started,,
56,PO-16-0045,,16,4,4,500000.0,INR,Delivered,2026-07-20 12:12:02.116577,2026-07-21 12:12:02.116577,,2026-07-27 12:12:02.116577,Bluedart Surface Express,,2026-07-29 12:12:02.116577,2026-07-29 12:12:02.116577,Net 30 Days.,"Central IT Store, Tech Park, Bengaluru",,2026-09-22 12:12:02.117910,2026-09-22 12:12:02.117918,PENDING,,,Not Started,,
57,PO-16-0046,,16,4,4,500000.0,INR,Delivered,2026-07-23 12:12:02.123481,2026-07-24 12:12:02.123481,,2026-07-30 12:12:02.123481,Bluedart Surface Express,,2026-08-01 12:12:02.123481,2026-08-01 12:12:02.123481,Net 30 Days.,"Central IT Store, Tech Park, Bengaluru",,2026-09-22 12:12:02.124806,2026-09-22 12:12:02.124813,PENDING,,,Not Started,,
58,PO-16-0047,,16,4,4,500000.0,INR,Delivered,2026-07-26 12:12:02.129832,2026-07-27 12:12:02.129832,,2026-08-02 12:12:02.129832,Bluedart Surface Express,,2026-08-04 12:12:02.129832,2026-08-04 12:12:02.129832,Net 30 Days.,"Central IT Store, Tech Park, Bengaluru",,2026-09-22 12:12:02.130528,2026-09-22 12:12:02.130532,PENDING,,,Not Started,,
59,PO-16-0048,,16,4,4,500000.0,INR,Delivered,2026-07-29 12:12:02.133960,2026-07-30 12:12:02.133960,,2026-08-05 12:12:02.133960,Bluedart Surface Express,,2026-08-07 12:12:02.133960,2026-08-07 12:12:02.133960,Net 30 Days.,"Central IT Store, Tech Park, Bengaluru",,2026-09-22 12:12:02.135088,2026-09-22 12:12:02.135093,PENDING,,,Not Started,,
60,PO-17-0001,,17,4,4,480000.0,INR,Delivered,2026-03-10 12:12:02.141989,2026-03-11 12:12:02.141989,,2026-03-20 12:12:02.141989,Bluedart Surface Express,,2026-03-19 12:12:02.141989,2026-03-22 12:12:02.141989,Net 30 Days.,"Central IT Store, Tech Park, Bengaluru",,2026-09-22 12:12:02.143025,2026-09-22 12:12:02.143029,PENDING,,,Not Started,,
61,PO-17-0002,,17,4,4,480000.0,INR,Delivered,2026-03-13 12:12:02.145648,2026-03-14 12:12:02.145648,,2026-03-23 12:12:02.145648,Bluedart Surface Express,,2026-03-22 12:12:02.145648,2026-03-25 12:12:02.145648,Net 30 Days.,"Central IT Store, Tech Park, Bengaluru",,2026-09-22 12:12:02.146790,2026-09-22 12:12:02.146796,PENDING,,,Not Started,,
62,PO-17-0003,,17,4,4,480000.0,INR,Delivered,2026-03-16 12:12:02.152382,2026-03-17 12:12:02.152382,,2026-03-26 12:12:02.152382,Bluedart Surface Express,,2026-03-25 12:12:02.152382,2026-03-28 12:12:02.152382,Net 30 Days.,"Central IT Store, Tech Park, Bengaluru",,2026-09-22 12:12:02.153830,2026-09-22 12:12:02.153835,PENDING,,,Not Started,,
63,PO-17-0004,,17,4,4,480000.0,INR,Delivered,2026-03-19 12:12:02.157704,2026-03-20 12:12:02.157704,,2026-03-29 12:12:02.157704,Bluedart Surface Express,,2026-03-28 12:12:02.157704,2026-03-31 12:12:02.157704,Net 30 Days.,"Central IT Store, Tech Park, Bengaluru",,2026-09-22 12:12:02.158475,2026-09-22 12:12:02.158480,PENDING,,,Not Started,,
64,PO-17-0005,,17,4,4,480000.0,INR,Delivered,2026-03-22 12:12:02.162732,2026-03-23 12:12:02.162732,,2026-04-01 12:12:02.162732,Bluedart Surface Express,,2026-03-31 12:12:02.162732,2026-04-03 12:12:02.162732,Net 30 Days.,"Central IT Store, Tech Park, Bengaluru",,2026-09-22 12:12:02.163594,2026-09-22 12:12:02.163599,PENDING,,,Not Started,,
65,PO-17-0006,,17,4,4,480000.0,INR,Delivered,2026-03-25 12:12:02.168631,2026-03-26 12:12:02.168631,,2026-04-04 12:12:02.168631,Bluedart Surface Express,,2026-04-03 12:12:02.168631,2026-04-06 12:12:02.168631,Net 30 Days.,"Central IT Store, Tech Park, Bengaluru",,2026-09-22 12:12:02.169604,2026-09-22 12:12:02.169608,PENDING,,,Not Started,,
66,PO-17-0007,,17,4,4,480000.0,INR,Delivered,2026-03-28 12:12:02.173997,2026-03-29 12:12:02.173997,,2026-04-04 12:12:02.173997,Bluedart Surface Express,,2026-04-06 12:12:02.173997,2026-04-06 12:12:02.173997,Net 30 Days.,"Central IT Store, Tech Park, Bengaluru",,2026-09-22 12:12:02.175209,2026-09-22 12:12:02.175216,PENDING,,,Not Started,,
67,PO-17-0008,,17,4,4,480000.0,INR,Delivered,2026-03-31 12:12:02.180229,2026-04-01 12:12:02.180229,,2026-04-07 12:12:02.180229,Bluedart Surface Express,,2026-04-09 12:12:02.180229,2026-04-09 12:12:02.180229,Net 30 Days.,"Central IT Store, Tech Park, Bengaluru",,2026-09-22 12:12:02.181279,2026-09-22 12:12:02.181283,PENDING,,,Not Started,,
68,PO-17-0009,,17,4,4,480000.0,INR,Delivered,2026-04-03 12:12:02.185481,2026-04-04 12:12:02.185481,,2026-04-10 12:12:02.185481,Bluedart Surface Express,,2026-04-12 12:12:02.185481,2026-04-12 12:12:02.185481,Net 30 Days.,"Central IT Store, Tech Park, Bengaluru",,2026-09-22 12:12:02.186630,2026-09-22 12:12:02.186637,PENDING,,,Not Started,,
69,PO-17-0010,,17,4,4,480000.0,INR,Delivered,2026-04-06 12:12:02.191793,2026-04-07 12:12:02.191793,,2026-04-13 12:12:02.191793,Bluedart Surface Express,,2026-04-15 12:12:02.191793,2026-04-15 12:12:02.191793,Net 30 Days.,"Central IT Store, Tech Park, Bengaluru",,2026-09-22 12:12:02.192928,2026-09-22 12:12:02.192935,PENDING,,,Not Started,,
70,PO-17-0011,,17,4,4,480000.0,INR,Delivered,2026-04-09 12:12:02.197574,2026-04-10 12:12:02.197574,,2026-04-16 12:12:02.197574,Bluedart Surface Express,,2026-04-18 12:12:02.197574,2026-04-18 12:12:02.197574,Net 30 Days.,"Central IT Store, Tech Park, Bengaluru",,2026-09-22 12:12:02.198646,2026-09-22 12:12:02.198651,PENDING,,,Not Started,,
71,PO-17-0012,,17,4,4,480000.0,INR,Delivered,2026-04-12 12:12:02.203663,2026-04-13 12:12:02.203663,,2026-04-19 12:12:02.203663,Bluedart Surface Express,,2026-04-21 12:12:02.203663,2026-04-21 12:12:02.203663,Net 30 Days.,"Central IT Store, Tech Park, Bengaluru",,2026-09-22 12:12:02.204498,2026-09-22 12:12:02.204502,PENDING,,,Not Started,,
72,PO-17-0013,,17,4,4,480000.0,INR,Delivered,2026-04-15 12:12:02.210852,2026-04-16 12:12:02.210852,,2026-04-22 12:12:02.210852,Bluedart Surface Express,,2026-04-24 12:12:02.210852,2026-04-24 12:12:02.210852,Net 30 Days.,"Central IT Store, Tech Park, Bengaluru",,2026-09-22 12:12:02.211731,2026-09-22 12:12:02.211738,PENDING,,,Not Started,,
73,PO-17-0014,,17,4,4,480000.0,INR,Delivered,2026-04-18 12:12:02.215836,2026-04-19 12:12:02.215836,,2026-04-25 12:12:02.215836,Bluedart Surface Express,,2026-04-27 12:12:02.215836,2026-04-27 12:12:02.215836,Net 30 Days.,"Central IT Store, Tech Park, Bengaluru",,2026-09-22 12:12:02.217319,2026-09-22 12:12:02.217325,PENDING,,,Not Started,,
74,PO-17-0015,,17,4,4,480000.0,INR,Delivered,2026-04-21 12:12:02.222361,2026-04-22 12:12:02.222361,,2026-04-28 12:12:02.222361,Bluedart Surface Express,,2026-04-30 12:12:02.222361,2026-04-30 12:12:02.222361,Net 30 Days.,"Central IT Store, Tech Park, Bengaluru",,2026-09-22 12:12:02.223402,2026-09-22 12:12:02.223408,PENDING,,,Not Started,,
75,PO-17-0016,,17,4,4,480000.0,INR,Delivered,2026-04-24 12:12:02.228552,2026-04-25 12:12:02.228552,,2026-05-01 12:12:02.228552,Bluedart Surface Express,,2026-05-03 12:12:02.228552,2026-05-03 12:12:02.228552,Net 30 Days.,"Central IT Store, Tech Park, Bengaluru",,2026-09-22 12:12:02.229707,2026-09-22 12:12:02.229715,PENDING,,,Not Started,,
76,PO-17-0017,,17,4,4,480000.0,INR,Delivered,2026-04-27 12:12:02.235913,2026-04-28 12:12:02.235913,,2026-05-04 12:12:02.235913,Bluedart Surface Express,,2026-05-06 12:12:02.235913,2026-05-06 12:12:02.235913,Net 30 Days.,"Central IT Store, Tech Park, Bengaluru",,2026-09-22 12:12:02.237094,2026-09-22 12:12:02.237101,PENDING,,,Not Started,,
77,PO-17-0018,,17,4,4,480000.0,INR,Delivered,2026-04-30 12:12:02.242824,2026-05-01 12:12:02.242824,,2026-05-07 12:12:02.242824,Bluedart Surface Express,,2026-05-09 12:12:02.242824,2026-05-09 12:12:02.242824,Net 30 Days.,"Central IT Store, Tech Park, Bengaluru",,2026-09-22 12:12:02.243980,2026-09-22 12:12:02.243989,PENDING,,,Not Started,,
78,PO-17-0019,,17,4,4,480000.0,INR,Delivered,2026-05-03 12:12:02.249238,2026-05-04 12:12:02.249238,,2026-05-10 12:12:02.249238,Bluedart Surface Express,,2026-05-12 12:12:02.249238,2026-05-12 12:12:02.249238,Net 30 Days.,"Central IT Store, Tech Park, Bengaluru",,2026-09-22 12:12:02.250178,2026-09-22 12:12:02.250185,PENDING,,,Not Started,,
79,PO-17-0020,,17,4,4,480000.0,INR,Delivered,2026-05-06 12:12:02.254539,2026-05-07 12:12:02.254539,,2026-05-13 12:12:02.254539,Bluedart Surface Express,,2026-05-15 12:12:02.254539,2026-05-15 12:12:02.254539,Net 30 Days.,"Central IT Store, Tech Park, Bengaluru",,2026-09-22 12:12:02.255546,2026-09-22 12:12:02.255552,PENDING,,,Not Started,,
80,PO-17-0021,,17,4,4,480000.0,INR,Delivered,2026-05-09 12:12:02.260487,2026-05-10 12:12:02.260487,,2026-05-16 12:12:02.260487,Bluedart Surface Express,,2026-05-18 12:12:02.260487,2026-05-18 12:12:02.260487,Net 30 Days.,"Central IT Store, Tech Park, Bengaluru",,2026-09-22 12:12:02.261611,2026-09-22 12:12:02.261617,PENDING,,,Not Started,,
81,PO-17-0022,,17,4,4,480000.0,INR,Delivered,2026-05-12 12:12:02.266568,2026-05-13 12:12:02.266568,,2026-05-19 12:12:02.266568,Bluedart Surface Express,,2026-05-21 12:12:02.266568,2026-05-21 12:12:02.266568,Net 30 Days.,"Central IT Store, Tech Park, Bengaluru",,2026-09-22 12:12:02.267642,2026-09-22 12:12:02.267648,PENDING,,,Not Started,,
82,PO-17-0023,,17,4,4,480000.0,INR,Delivered,2026-05-15 12:12:02.271904,2026-05-16 12:12:02.271904,,2026-05-22 12:12:02.271904,Bluedart Surface Express,,2026-05-24 12:12:02.271904,2026-05-24 12:12:02.271904,Net 30 Days.,"Central IT Store, Tech Park, Bengaluru",,2026-09-22 12:12:02.272961,2026-09-22 12:12:02.272965,PENDING,,,Not Started,,
83,PO-17-0024,,17,4,4,480000.0,INR,Delivered,2026-05-18 12:12:02.277137,2026-05-19 12:12:02.277137,,2026-05-25 12:12:02.277137,Bluedart Surface Express,,2026-05-27 12:12:02.277137,2026-05-27 12:12:02.277137,Net 30 Days.,"Central IT Store, Tech Park, Bengaluru",,2026-09-22 12:12:02.277970,2026-09-22 12:12:02.277974,PENDING,,,Not Started,,
84,PO-17-0025,,17,4,4,480000.0,INR,Delivered,2026-05-21 12:12:02.281034,2026-05-22 12:12:02.281034,,2026-05-28 12:12:02.281034,Bluedart Surface Express,,2026-05-30 12:12:02.281034,2026-05-30 12:12:02.281034,Net 30 Days.,"Central IT Store, Tech Park, Bengaluru",,2026-09-22 12:12:02.282123,2026-09-22 12:12:02.282127,PENDING,,,Not Started,,
85,PO-17-0026,,17,4,4,480000.0,INR,Delivered,2026-05-24 12:12:02.286833,2026-05-25 12:12:02.286833,,2026-05-31 12:12:02.286833,Bluedart Surface Express,,2026-06-02 12:12:02.286833,2026-06-02 12:12:02.286833,Net 30 Days.,"Central IT Store, Tech Park, Bengaluru",,2026-09-22 12:12:02.288808,2026-09-22 12:12:02.288815,PENDING,,,Not Started,,
86,PO-17-0027,,17,4,4,480000.0,INR,Delivered,2026-05-27 12:12:02.293652,2026-05-28 12:12:02.293652,,2026-06-03 12:12:02.293652,Bluedart Surface Express,,2026-06-05 12:12:02.293652,2026-06-05 12:12:02.293652,Net 30 Days.,"Central IT Store, Tech Park, Bengaluru",,2026-09-22 12:12:02.294906,2026-09-22 12:12:02.294910,PENDING,,,Not Started,,
87,PO-17-0028,,17,4,4,480000.0,INR,Delivered,2026-05-30 12:12:02.298836,2026-05-31 12:12:02.298836,,2026-06-06 12:12:02.298836,Bluedart Surface Express,,2026-06-08 12:12:02.298836,2026-06-08 12:12:02.298836,Net 30 Days.,"Central IT Store, Tech Park, Bengaluru",,2026-09-22 12:12:02.299653,2026-09-22 12:12:02.299657,PENDING,,,Not Started,,
88,PO-17-0029,,17,4,4,480000.0,INR,Delivered,2026-06-02 12:12:02.303653,2026-06-03 12:12:02.303653,,2026-06-09 12:12:02.303653,Bluedart Surface Express,,2026-06-11 12:12:02.303653,2026-06-11 12:12:02.303653,Net 30 Days.,"Central IT Store, Tech Park, Bengaluru",,2026-09-22 12:12:02.304328,2026-09-22 12:12:02.304332,PENDING,,,Not Started,,
89,PO-17-0030,,17,4,4,480000.0,INR,Delivered,2026-06-05 12:12:02.307133,2026-06-06 12:12:02.307133,,2026-06-12 12:12:02.307133,Bluedart Surface Express,,2026-06-14 12:12:02.307133,2026-06-14 12:12:02.307133,Net 30 Days.,"Central IT Store, Tech Park, Bengaluru",,2026-09-22 12:12:02.307757,2026-09-22 12:12:02.307760,PENDING,,,Not Started,,
90,PO-17-0031,,17,4,4,480000.0,INR,Delivered,2026-06-08 12:12:02.310443,2026-06-09 12:12:02.310443,,2026-06-15 12:12:02.310443,Bluedart Surface Express,,2026-06-17 12:12:02.310443,2026-06-17 12:12:02.310443,Net 30 Days.,"Central IT Store, Tech Park, Bengaluru",,2026-09-22 12:12:02.311055,2026-09-22 12:12:02.311059,PENDING,,,Not Started,,
91,PO-17-0032,,17,4,4,480000.0,INR,Delivered,2026-06-11 12:12:02.314028,2026-06-12 12:12:02.314028,,2026-06-18 12:12:02.314028,Bluedart Surface Express,,2026-06-20 12:12:02.314028,2026-06-20 12:12:02.314028,Net 30 Days.,"Central IT Store, Tech Park, Bengaluru",,2026-09-22 12:12:02.314634,2026-09-22 12:12:02.314637,PENDING,,,Not Started,,
92,PO-17-0033,,17,4,4,480000.0,INR,Delivered,2026-06-14 12:12:02.317420,2026-06-15 12:12:02.317420,,2026-06-21 12:12:02.317420,Bluedart Surface Express,,2026-06-23 12:12:02.317420,2026-06-23 12:12:02.317420,Net 30 Days.,"Central IT Store, Tech Park, Bengaluru",,2026-09-22 12:12:02.318201,2026-09-22 12:12:02.318205,PENDING,,,Not Started,,
93,PO-17-0034,,17,4,4,480000.0,INR,Delivered,2026-06-17 12:12:02.321155,2026-06-18 12:12:02.321155,,2026-06-24 12:12:02.321155,Bluedart Surface Express,,2026-06-26 12:12:02.321155,2026-06-26 12:12:02.321155,Net 30 Days.,"Central IT Store, Tech Park, Bengaluru",,2026-09-22 12:12:02.321879,2026-09-22 12:12:02.321883,PENDING,,,Not Started,,
94,PO-17-0035,,17,4,4,480000.0,INR,Delivered,2026-06-20 12:12:02.326604,2026-06-21 12:12:02.326604,,2026-06-27 12:12:02.326604,Bluedart Surface Express,,2026-06-29 12:12:02.326604,2026-06-29 12:12:02.326604,Net 30 Days.,"Central IT Store, Tech Park, Bengaluru",,2026-09-22 12:12:02.327471,2026-09-22 12:12:02.327475,PENDING,,,Not Started,,
95,PO-17-0036,,17,4,4,480000.0,INR,Delivered,2026-06-23 12:12:02.330988,2026-06-24 12:12:02.330988,,2026-06-30 12:12:02.330988,Bluedart Surface Express,,2026-07-02 12:12:02.330988,2026-07-02 12:12:02.330988,Net 30 Days.,"Central IT Store, Tech Park, Bengaluru",,2026-09-22 12:12:02.331935,2026-09-22 12:12:02.331941,PENDING,,,Not Started,,
96,PO-17-0037,,17,4,4,480000.0,INR,Delivered,2026-06-26 12:12:02.336606,2026-06-27 12:12:02.336606,,2026-07-03 12:12:02.336606,Bluedart Surface Express,,2026-07-05 12:12:02.336606,2026-07-05 12:12:02.336606,Net 30 Days.,"Central IT Store, Tech Park, Bengaluru",,2026-09-22 12:12:02.337506,2026-09-22 12:12:02.337512,PENDING,,,Not Started,,
97,PO-17-0038,,17,4,4,480000.0,INR,Delivered,2026-06-29 12:12:02.341089,2026-06-30 12:12:02.341089,,2026-07-06 12:12:02.341089,Bluedart Surface Express,,2026-07-08 12:12:02.341089,2026-07-08 12:12:02.341089,Net 30 Days.,"Central IT Store, Tech Park, Bengaluru",,2026-09-22 12:12:02.341955,2026-09-22 12:12:02.341962,PENDING,,,Not Started,,
98,PO-17-0039,,17,4,4,480000.0,INR,Delivered,2026-07-02 12:12:02.345196,2026-07-03 12:12:02.345196,,2026-07-09 12:12:02.345196,Bluedart Surface Express,,2026-07-11 12:12:02.345196,2026-07-11 12:12:02.345196,Net 30 Days.,"Central IT Store, Tech Park, Bengaluru",,2026-09-22 12:12:02.345983,2026-09-22 12:12:02.345988,PENDING,,,Not Started,,
99,PO-17-0040,,17,4,4,480000.0,INR,Delivered,2026-07-05 12:12:02.349222,2026-07-06 12:12:02.349222,,2026-07-12 12:12:02.349222,Bluedart Surface Express,,2026-07-14 12:12:02.349222,2026-07-14 12:12:02.349222,Net 30 Days.,"Central IT Store, Tech Park, Bengaluru",,2026-09-22 12:12:02.349931,2026-09-22 12:12:02.349934,PENDING,,,Not Started,,
100,PO-18-0001,,18,4,4,470000.0,INR,Delivered,2026-03-10 12:12:02.357381,2026-03-11 12:12:02.357381,,2026-03-20 12:12:02.357381,Bluedart Surface Express,,2026-03-19 12:12:02.357381,2026-03-22 12:12:02.357381,Net 30 Days.,"Central IT Store, Tech Park, Bengaluru",,2026-09-22 12:12:02.358519,2026-09-22 12:12:02.358523,PENDING,,,Not Started,,
101,PO-18-0002,,18,4,4,470000.0,INR,Delivered,2026-03-13 12:12:02.362045,2026-03-14 12:12:02.362045,,2026-03-23 12:12:02.362045,Bluedart Surface Express,,2026-03-22 12:12:02.362045,2026-03-25 12:12:02.362045,Net 30 Days.,"Central IT Store, Tech Park, Bengaluru",,2026-09-22 12:12:02.363092,2026-09-22 12:12:02.363096,PENDING,,,Not Started,,
102,PO-18-0003,,18,4,4,470000.0,INR,Delivered,2026-03-16 12:12:02.367395,2026-03-17 12:12:02.367395,,2026-03-26 12:12:02.367395,Bluedart Surface Express,,2026-03-25 12:12:02.367395,2026-03-28 12:12:02.367395,Net 30 Days.,"Central IT Store, Tech Park, Bengaluru",,2026-09-22 12:12:02.368645,2026-09-22 12:12:02.368649,PENDING,,,Not Started,,
103,PO-18-0004,,18,4,4,470000.0,INR,Delivered,2026-03-19 12:12:02.373124,2026-03-20 12:12:02.373124,,2026-03-29 12:12:02.373124,Bluedart Surface Express,,2026-03-28 12:12:02.373124,2026-03-31 12:12:02.373124,Net 30 Days.,"Central IT Store, Tech Park, Bengaluru",,2026-09-22 12:12:02.374296,2026-09-22 12:12:02.374304,PENDING,,,Not Started,,
104,PO-18-0005,,18,4,4,470000.0,INR,Delivered,2026-03-22 12:12:02.381625,2026-03-23 12:12:02.381625,,2026-04-01 12:12:02.381625,Bluedart Surface Express,,2026-03-31 12:12:02.381625,2026-04-03 12:12:02.381625,Net 30 Days.,"Central IT Store, Tech Park, Bengaluru",,2026-09-22 12:12:02.383038,2026-09-22 12:12:02.383046,PENDING,,,Not Started,,
105,PO-18-0006,,18,4,4,470000.0,INR,Delivered,2026-03-25 12:12:02.388936,2026-03-26 12:12:02.388936,,2026-04-04 12:12:02.388936,Bluedart Surface Express,,2026-04-03 12:12:02.388936,2026-04-06 12:12:02.388936,Net 30 Days.,"Central IT Store, Tech Park, Bengaluru",,2026-09-22 12:12:02.390211,2026-09-22 12:12:02.390219,PENDING,,,Not Started,,
106,PO-18-0007,,18,4,4,470000.0,INR,Delivered,2026-03-28 12:12:02.396647,2026-03-29 12:12:02.396647,,2026-04-07 12:12:02.396647,Bluedart Surface Express,,2026-04-06 12:12:02.396647,2026-04-09 12:12:02.396647,Net 30 Days.,"Central IT Store, Tech Park, Bengaluru",,2026-09-22 12:12:02.397942,2026-09-22 12:12:02.397947,PENDING,,,Not Started,,
107,PO-18-0008,,18,4,4,470000.0,INR,Delivered,2026-03-31 12:12:02.403622,2026-04-01 12:12:02.403622,,2026-04-10 12:12:02.403622,Bluedart Surface Express,,2026-04-09 12:12:02.403622,2026-04-12 12:12:02.403622,Net 30 Days.,"Central IT Store, Tech Park, Bengaluru",,2026-09-22 12:12:02.404786,2026-09-22 12:12:02.404792,PENDING,,,Not Started,,
108,PO-18-0009,,18,4,4,470000.0,INR,Delivered,2026-04-03 12:12:02.409921,2026-04-04 12:12:02.409921,,2026-04-13 12:12:02.409921,Bluedart Surface Express,,2026-04-12 12:12:02.409921,2026-04-15 12:12:02.409921,Net 30 Days.,"Central IT Store, Tech Park, Bengaluru",,2026-09-22 12:12:02.411255,2026-09-22 12:12:02.411260,PENDING,,,Not Started,,
109,PO-18-0010,,18,4,4,470000.0,INR,Delivered,2026-04-06 12:12:02.416363,2026-04-07 12:12:02.416363,,2026-04-13 12:12:02.416363,Bluedart Surface Express,,2026-04-15 12:12:02.416363,2026-04-15 12:12:02.416363,Net 30 Days.,"Central IT Store, Tech Park, Bengaluru",,2026-09-22 12:12:02.417927,2026-09-22 12:12:02.417935,PENDING,,,Not Started,,
110,PO-18-0011,,18,4,4,470000.0,INR,Delivered,2026-04-09 12:12:02.423359,2026-04-10 12:12:02.423359,,2026-04-16 12:12:02.423359,Bluedart Surface Express,,2026-04-18 12:12:02.423359,2026-04-18 12:12:02.423359,Net 30 Days.,"Central IT Store, Tech Park, Bengaluru",,2026-09-22 12:12:02.424670,2026-09-22 12:12:02.424676,PENDING,,,Not Started,,
111,PO-18-0012,,18,4,4,470000.0,INR,Delivered,2026-04-12 12:12:02.430605,2026-04-13 12:12:02.430605,,2026-04-19 12:12:02.430605,Bluedart Surface Express,,2026-04-21 12:12:02.430605,2026-04-21 12:12:02.430605,Net 30 Days.,"Central IT Store, Tech Park, Bengaluru",,2026-09-22 12:12:02.431625,2026-09-22 12:12:02.431631,PENDING,,,Not Started,,
112,PO-18-0013,,18,4,4,470000.0,INR,Delivered,2026-04-15 12:12:02.438110,2026-04-16 12:12:02.438110,,2026-04-22 12:12:02.438110,Bluedart Surface Express,,2026-04-24 12:12:02.438110,2026-04-24 12:12:02.438110,Net 30 Days.,"Central IT Store, Tech Park, Bengaluru",,2026-09-22 12:12:02.439301,2026-09-22 12:12:02.439308,PENDING,,,Not Started,,
113,PO-18-0014,,18,4,4,470000.0,INR,Delivered,2026-04-18 12:12:02.446109,2026-04-19 12:12:02.446109,,2026-04-25 12:12:02.446109,Bluedart Surface Express,,2026-04-27 12:12:02.446109,2026-04-27 12:12:02.446109,Net 30 Days.,"Central IT Store, Tech Park, Bengaluru",,2026-09-22 12:12:02.447302,2026-09-22 12:12:02.447309,PENDING,,,Not Started,,
114,PO-18-0015,,18,4,4,470000.0,INR,Delivered,2026-04-21 12:12:02.454742,2026-04-22 12:12:02.454742,,2026-04-28 12:12:02.454742,Bluedart Surface Express,,2026-04-30 12:12:02.454742,2026-04-30 12:12:02.454742,Net 30 Days.,"Central IT Store, Tech Park, Bengaluru",,2026-09-22 12:12:02.455941,2026-09-22 12:12:02.455947,PENDING,,,Not Started,,
115,PO-18-0016,,18,4,4,470000.0,INR,Delivered,2026-04-24 12:12:02.461037,2026-04-25 12:12:02.461037,,2026-05-01 12:12:02.461037,Bluedart Surface Express,,2026-05-03 12:12:02.461037,2026-05-03 12:12:02.461037,Net 30 Days.,"Central IT Store, Tech Park, Bengaluru",,2026-09-22 12:12:02.462198,2026-09-22 12:12:02.462204,PENDING,,,Not Started,,
116,PO-18-0017,,18,4,4,470000.0,INR,Delivered,2026-04-27 12:12:02.468880,2026-04-28 12:12:02.468880,,2026-05-04 12:12:02.468880,Bluedart Surface Express,,2026-05-06 12:12:02.468880,2026-05-06 12:12:02.468880,Net 30 Days.,"Central IT Store, Tech Park, Bengaluru",,2026-09-22 12:12:02.470369,2026-09-22 12:12:02.470377,PENDING,,,Not Started,,
117,PO-18-0018,,18,4,4,470000.0,INR,Delivered,2026-04-30 12:12:02.477461,2026-05-01 12:12:02.477461,,2026-05-07 12:12:02.477461,Bluedart Surface Express,,2026-05-09 12:12:02.477461,2026-05-09 12:12:02.477461,Net 30 Days.,"Central IT Store, Tech Park, Bengaluru",,2026-09-22 12:12:02.478625,2026-09-22 12:12:02.478631,PENDING,,,Not Started,,
118,PO-18-0019,,18,4,4,470000.0,INR,Delivered,2026-05-03 12:12:02.484489,2026-05-04 12:12:02.484489,,2026-05-10 12:12:02.484489,Bluedart Surface Express,,2026-05-12 12:12:02.484489,2026-05-12 12:12:02.484489,Net 30 Days.,"Central IT Store, Tech Park, Bengaluru",,2026-09-22 12:12:02.485694,2026-09-22 12:12:02.485701,PENDING,,,Not Started,,
119,PO-18-0020,,18,4,4,470000.0,INR,Delivered,2026-05-06 12:12:02.490702,2026-05-07 12:12:02.490702,,2026-05-13 12:12:02.490702,Bluedart Surface Express,,2026-05-15 12:12:02.490702,2026-05-15 12:12:02.490702,Net 30 Days.,"Central IT Store, Tech Park, Bengaluru",,2026-09-22 12:12:02.491970,2026-09-22 12:12:02.491976,PENDING,,,Not Started,,
120,PO-18-0021,,18,4,4,470000.0,INR,Delivered,2026-05-09 12:12:02.497461,2026-05-10 12:12:02.497461,,2026-05-16 12:12:02.497461,Bluedart Surface Express,,2026-05-18 12:12:02.497461,2026-05-18 12:12:02.497461,Net 30 Days.,"Central IT Store, Tech Park, Bengaluru",,2026-09-22 12:12:02.499055,2026-09-22 12:12:02.499061,PENDING,,,Not Started,,
121,PO-18-0022,,18,4,4,470000.0,INR,Delivered,2026-05-12 12:12:02.504302,2026-05-13 12:12:02.504302,,2026-05-19 12:12:02.504302,Bluedart Surface Express,,2026-05-21 12:12:02.504302,2026-05-21 12:12:02.504302,Net 30 Days.,"Central IT Store, Tech Park, Bengaluru",,2026-09-22 12:12:02.505041,2026-09-22 12:12:02.505045,PENDING,,,Not Started,,
122,PO-18-0023,,18,4,4,470000.0,INR,Delivered,2026-05-15 12:12:02.510000,2026-05-16 12:12:02.510000,,2026-05-22 12:12:02.510000,Bluedart Surface Express,,2026-05-24 12:12:02.510000,2026-05-24 12:12:02.510000,Net 30 Days.,"Central IT Store, Tech Park, Bengaluru",,2026-09-22 12:12:02.511089,2026-09-22 12:12:02.511095,PENDING,,,Not Started,,
123,PO-18-0024,,18,4,4,470000.0,INR,Delivered,2026-05-18 12:12:02.531252,2026-05-19 12:12:02.531252,,2026-05-25 12:12:02.531252,Bluedart Surface Express,,2026-05-27 12:12:02.531252,2026-05-27 12:12:02.531252,Net 30 Days.,"Central IT Store, Tech Park, Bengaluru",,2026-09-22 12:12:02.532260,2026-09-22 12:12:02.532266,PENDING,,,Not Started,,
124,PO-18-0025,,18,4,4,470000.0,INR,Delivered,2026-05-21 12:12:02.540548,2026-05-22 12:12:02.540548,,2026-05-28 12:12:02.540548,Bluedart Surface Express,,2026-05-30 12:12:02.540548,2026-05-30 12:12:02.540548,Net 30 Days.,"Central IT Store, Tech Park, Bengaluru",,2026-09-22 12:12:02.542071,2026-09-22 12:12:02.542079,PENDING,,,Not Started,,
125,PO-18-0026,,18,4,4,470000.0,INR,Delivered,2026-05-24 12:12:02.547425,2026-05-25 12:12:02.547425,,2026-05-31 12:12:02.547425,Bluedart Surface Express,,2026-06-02 12:12:02.547425,2026-06-02 12:12:02.547425,Net 30 Days.,"Central IT Store, Tech Park, Bengaluru",,2026-09-22 12:12:02.549105,2026-09-22 12:12:02.549113,PENDING,,,Not Started,,
126,PO-18-0027,,18,4,4,470000.0,INR,Delivered,2026-05-27 12:12:02.554849,2026-05-28 12:12:02.554849,,2026-06-03 12:12:02.554849,Bluedart Surface Express,,2026-06-05 12:12:02.554849,2026-06-05 12:12:02.554849,Net 30 Days.,"Central IT Store, Tech Park, Bengaluru",,2026-09-22 12:12:02.556015,2026-09-22 12:12:02.556021,PENDING,,,Not Started,,
127,PO-18-0028,,18,4,4,470000.0,INR,Delivered,2026-05-30 12:12:02.560161,2026-05-31 12:12:02.560161,,2026-06-06 12:12:02.560161,Bluedart Surface Express,,2026-06-08 12:12:02.560161,2026-06-08 12:12:02.560161,Net 30 Days.,"Central IT Store, Tech Park, Bengaluru",,2026-09-22 12:12:02.561088,2026-09-22 12:12:02.561093,PENDING,,,Not Started,,
128,PO-18-0029,,18,4,4,470000.0,INR,Delivered,2026-06-02 12:12:02.564794,2026-06-03 12:12:02.564794,,2026-06-09 12:12:02.564794,Bluedart Surface Express,,2026-06-11 12:12:02.564794,2026-06-11 12:12:02.564794,Net 30 Days.,"Central IT Store, Tech Park, Bengaluru",,2026-09-22 12:12:02.565675,2026-09-22 12:12:02.565679,PENDING,,,Not Started,,
129,PO-18-0030,,18,4,4,470000.0,INR,Delivered,2026-06-05 12:12:02.569591,2026-06-06 12:12:02.569591,,2026-06-12 12:12:02.569591,Bluedart Surface Express,,2026-06-14 12:12:02.569591,2026-06-14 12:12:02.569591,Net 30 Days.,"Central IT Store, Tech Park, Bengaluru",,2026-09-22 12:12:02.571045,2026-09-22 12:12:02.571051,PENDING,,,Not Started,,
130,PO-18-0031,,18,4,4,470000.0,INR,Delivered,2026-06-08 12:12:02.575056,2026-06-09 12:12:02.575056,,2026-06-15 12:12:02.575056,Bluedart Surface Express,,2026-06-17 12:12:02.575056,2026-06-17 12:12:02.575056,Net 30 Days.,"Central IT Store, Tech Park, Bengaluru",,2026-09-22 12:12:02.576113,2026-09-22 12:12:02.576119,PENDING,,,Not Started,,
131,PO-18-0032,,18,4,4,470000.0,INR,Delivered,2026-06-11 12:12:02.580103,2026-06-12 12:12:02.580103,,2026-06-18 12:12:02.580103,Bluedart Surface Express,,2026-06-20 12:12:02.580103,2026-06-20 12:12:02.580103,Net 30 Days.,"Central IT Store, Tech Park, Bengaluru",,2026-09-22 12:12:02.580870,2026-09-22 12:12:02.580874,PENDING,,,Not Started,,
132,PO-18-0033,,18,4,4,470000.0,INR,Delivered,2026-06-14 12:12:02.584532,2026-06-15 12:12:02.584532,,2026-06-21 12:12:02.584532,Bluedart Surface Express,,2026-06-23 12:12:02.584532,2026-06-23 12:12:02.584532,Net 30 Days.,"Central IT Store, Tech Park, Bengaluru",,2026-09-22 12:12:02.585924,2026-09-22 12:12:02.585931,PENDING,,,Not Started,,
133,PO-18-0034,,18,4,4,470000.0,INR,Delivered,2026-06-17 12:12:02.590557,2026-06-18 12:12:02.590557,,2026-06-24 12:12:02.590557,Bluedart Surface Express,,2026-06-26 12:12:02.590557,2026-06-26 12:12:02.590557,Net 30 Days.,"Central IT Store, Tech Park, Bengaluru",,2026-09-22 12:12:02.591587,2026-09-22 12:12:02.591593,PENDING,,,Not Started,,
134,PO-18-0035,,18,4,4,470000.0,INR,Delivered,2026-06-20 12:12:02.595150,2026-06-21 12:12:02.595150,,2026-06-27 12:12:02.595150,Bluedart Surface Express,,2026-06-29 12:12:02.595150,2026-06-29 12:12:02.595150,Net 30 Days.,"Central IT Store, Tech Park, Bengaluru",,2026-09-22 12:12:02.596184,2026-09-22 12:12:02.596189,PENDING,,,Not Started,,
135,PO-2026-0135,23,24,4,4,2500000.0,USD,Completed,2026-09-22 14:03:15.300359,2026-09-22 14:03:15.300333,,,,,2026-09-22 00:00:00.000000,,Standard Enterprise Terms (Net 30 Days). Strict SLA compliance enforced.,"Central Logistics Terminal, Dock 4, Chicago, IL",,2026-09-22 14:02:52.633403,2026-09-22 14:28:25.772414,PENDING,,,Not Started,,
136,PO-2026-0136,26,24,4,4,2450000.0,USD,Delivered,2026-09-22 14:35:21.476068,2026-09-22 14:35:21.476091,,2026-09-22 00:00:00.000000,DHL Express Freight,DHL-7758690,2026-09-27 00:00:00.000000,2026-09-22 00:00:00.000000,Standard Enterprise Terms (Net 30 Days). Strict SLA compliance enforced.,"Central Logistics Terminal, Dock 4, Chicago, IL",Order packaged in accordance with industrial standards. Waybill attached.,2026-09-22 14:34:43.854515,2026-09-22 17:38:12.913904,PENDING,,,Not Started,,
137,PO-TEST-20260922160610,29,1,4,,145000.0,USD,In Transit,,,,2026-09-22 16:06:10.386351,FedEx Express Logistics,TRK-987654321,2026-09-25 16:06:10.386402,,Net 30 Payment Terms,,,2026-09-22 16:06:10.375184,2026-09-22 16:06:10.388975,PENDING,,,Not Started,,
138,PO-TEST-20260922160631,30,1,4,,145000.0,USD,Delivered,,,,2026-09-22 16:06:31.139303,FedEx Express Logistics,TRK-987654321,2026-09-25 16:06:31.139340,,Net 30 Payment Terms,,,2026-09-22 16:06:31.125232,2026-09-22 17:50:04.196818,PENDING,,,Not Started,,
139,PO-2026-0139,13,15,4,4,15000.0,USD,Delivered,2026-09-22 16:10:30.881107,2026-09-22 16:10:35.793128,,,,,2026-10-06 00:00:00.000000,,Standard Enterprise Terms (Net 30 Days). Strict SLA compliance enforced.,"Central Logistics Terminal, Dock 4, Chicago, IL",,2026-09-22 16:09:33.157965,2026-09-22 16:11:49.791468,PENDING,,,Not Started,,
140,PO-2026-0140,18,24,4,4,2500000.0,USD,Completed,2026-09-22 17:37:06.447717,2026-09-22 17:37:06.447733,,,,,2026-10-06 00:00:00.000000,2026-09-22 00:00:00.000000,Standard Enterprise Terms (Net 30 Days). Strict SLA compliance enforced.,"Central Logistics Terminal, Dock 4, Chicago, IL",,2026-09-22 17:36:19.823404,2026-09-22 18:14:36.432435,PENDING,,,Not Started,,
141,PO-2026-0141,32,15,4,4,2500.0,USD,Delivered,2026-09-22 18:09:05.909005,2026-09-22 18:09:17.443874,,,,,2026-09-22 00:00:00.000000,,Standard Enterprise Terms (Net 30 Days). Strict SLA compliance enforced.,"Central Logistics Terminal, Dock 4, Chicago, IL",,2026-09-22 18:05:44.414149,2026-09-22 18:12:18.645767,PENDING,,,Not Started,,
142,PO-2026-0142,33,24,4,4,49977.0,USD,Delivered,2026-09-22 18:17:51.272930,2026-09-22 18:18:14.894634,,,,,2026-09-22 00:00:00.000000,2026-09-22 00:00:00.000000,Standard Enterprise Terms (Net 30 Days). Strict SLA compliance enforced.,"Central Logistics Terminal, Dock 4, Chicago, IL",,2026-09-22 18:17:37.962221,2026-09-22 18:19:47.409744,PENDING,,,Not Started,,
143,PO-TEST-20260923120052,35,1,4,,145000.0,USD,Completed,,,,2026-09-23 12:00:52.036479,FedEx Express Logistics,TRK-987654321,2026-09-26 12:00:52.036499,,Net 30 Payment Terms,,,2026-09-23 12:00:52.027220,2026-09-23 12:00:52.049258,PENDING,,,Not Started,,
144,PO-TEST-20260923122442,38,1,4,,145000.0,USD,Completed,,,,2026-09-23 12:24:42.789050,FedEx Express Logistics,TRK-987654321,2026-09-26 12:24:42.789104,,Net 30 Payment Terms,,,2026-09-23 12:24:42.774123,2026-09-23 12:24:42.805340,PENDING,,,Not Started,,
145,PO-2026-0145,37,15,4,4,2500.0,USD,Completed,2026-09-23 12:26:35.732491,2026-09-23 12:26:35.732476,,2026-09-23 00:00:00.000000,DHL Express Freight,DHL-6443835,2026-09-28 00:00:00.000000,2026-09-23 00:00:00.000000,Standard Enterprise Terms (Net 30 Days). Strict SLA compliance enforced.,"Central Logistics Terminal, Dock 4, Chicago, IL",Order packaged in accordance with industrial standards. Waybill attached.,2026-09-23 12:25:59.853428,2026-09-23 12:29:19.642234,CONFIRMED,40cd83ebc1e2fc6d2579dc273cbeaee9e6e071bfb5712dfef8a6c837f435b74c,2026-09-23 12:25:59.862796,Not Started,,
146,PO-2026-0146,39,16,4,4,48500.0,USD,In Transit,2026-09-23 13:04:33.864618,2026-10-01 14:03:49.409161,,2026-10-01 14:03:49.454363,FedEx Freight,TRK-9876543210,2026-09-30 13:04:33.849773,,Net 30 Days SLA,"Engineering Dock 2, Tech Campus","Package in transit, estimated arrival updated",2026-09-23 13:04:33.866130,2026-10-01 14:03:49.470711,CONFIRMED,789004f2051e8e63a122509ed46b61aae4cdebfc95abd6c065940fa52b8083b3,2026-10-01 14:03:49.440137,Not Started,,
147,PO-2026-0147,40,24,4,4,25000.0,USD,Completed,2026-09-23 13:10:58.326237,2026-09-23 13:11:02.105289,,,,,2026-09-30 00:00:00.000000,2026-09-23 00:00:00.000000,Standard Enterprise Terms (Net 30 Days). Strict SLA compliance enforced.,"Central Logistics Terminal, Dock 4, Chicago, IL",,2026-09-23 13:10:19.369473,2026-09-23 13:12:21.762325,CONFIRMED,729e839b012edc7e8770ce62d336fc3d131156071949b1f18baab2eec35b2406,2026-09-23 13:10:19.383602,Not Started,,
148,PO-2026-0148,42,15,4,,2500.0,USD,Rejected,,,Declined by vendor.,,,,2026-10-10 00:00:00.000000,,Standard Enterprise Terms (Net 30 Days). Strict SLA compliance enforced.,"Central Logistics Terminal, Dock 4, Chicago, IL",,2026-09-26 14:39:07.656492,2026-09-26 14:39:37.282333,CONFIRMED,9d721e7f747dee35e2c0144bdb9cc01ede0f864ad81d4f24e3641c14fae79abd,2026-09-26 14:39:07.666314,Not Started,,
149,PO-2026-0149,43,16,4,4,48500.0,USD,Issued,2026-09-27 05:04:55.687443,,,,,,2026-10-04 05:04:55.679055,,Net 30 Days SLA,"Engineering Dock 2, Tech Campus",,2026-09-27 05:04:55.688299,2026-09-27 05:04:55.695169,CONFIRMED,9e2e34909ce456594373c480df66a74f111d169fa3c11cb3f7a8bdb911201013,2026-09-27 05:04:55.693193,Not Started,,
150,PO-2026-0150,44,21,4,4,2500.0,USD,Completed,2026-09-27 13:07:26.746198,,,,,,2026-09-27 00:00:00.000000,2026-09-27 00:00:00.000000,Standard Enterprise Terms (Net 30 Days). Strict SLA compliance enforced.,"Central Logistics Terminal, Dock 4, Chicago, IL",,2026-09-27 13:00:57.214005,2026-09-27 13:15:12.812647,CONFIRMED,139768a5243aab0726d034df5d3e6b0ebfc54cd0d620b4e75a6bfc423adf3ff4,2026-09-27 13:07:26.788924,Not Started,,
151,PO-TEST-20260927130110,45,1,4,,145000.0,USD,Completed,,,,2026-09-27 13:01:11.019635,FedEx Express Logistics,TRK-987654321,2026-09-30 13:01:11.019685,,Net 30 Payment Terms,,,2026-09-27 13:01:10.999398,2026-09-27 13:01:11.041860,PENDING,,,Not Started,,
152,PO-2026-0152,48,2,4,4,15400.0,USD,Issued,2026-09-27 13:09:02.077556,,,,,,2026-10-15 00:00:00.000000,,Standard Enterprise Terms (Net 30 Days). Strict SLA enforcement.,"Tech Center Loading Bay 1, San Jose, CA",,2026-09-27 13:09:02.057616,2026-09-27 13:09:02.090161,CONFIRMED,2539222256a0b0caff422b82980fe2c72804176975e5204d0943babe2da87e1f,2026-09-27 13:09:02.088854,Not Started,,
153,PO-TEST-20260927130925,49,1,4,,145000.0,USD,Completed,,,,2026-09-27 13:09:25.443643,FedEx Express Logistics,TRK-987654321,2026-09-30 13:09:25.443688,,Net 30 Payment Terms,,,2026-09-27 13:09:25.431371,2026-09-27 13:09:25.464254,PENDING,,,Not Started,,
154,PO-2026-0154,50,16,4,4,48500.0,USD,Issued,2026-09-27 13:09:35.955443,,,,,,2026-10-04 13:09:35.938931,,Net 30 Days SLA,"Engineering Dock 2, Tech Campus",,2026-09-27 13:09:35.957094,2026-09-27 13:09:35.970053,CONFIRMED,5481ee9b74f63630c9d6c6478675f4bb82e3b7fd763d8a7e8632ef216c0d700e,2026-09-27 13:09:35.966406,Not Started,,
155,PO-2026-0155,51,16,4,4,48500.0,USD,Completed,2026-09-27 13:12:01.557116,2026-09-27 13:12:01.582349,,,,,2026-10-04 13:12:01.542282,2026-09-27 13:12:01.595146,Net 30 Days SLA,"Engineering Dock 2, Tech Campus",,2026-09-27 13:12:01.558557,2026-09-27 13:12:01.787612,CONFIRMED,5c2d886eba43bb71abb02faaaeb80ada8e826ffff24451a3ab32e30a005f6adc,2026-09-27 13:12:01.591289,Not Started,,
156,PO-2026-0156,53,2,4,4,15400.0,USD,Issued,2026-09-27 13:22:31.396365,,,,,,2026-10-15 00:00:00.000000,,Standard Enterprise Terms (Net 30 Days). Strict SLA enforcement.,"Tech Center Loading Bay 1, San Jose, CA",,2026-09-27 13:22:31.377040,2026-09-27 13:22:31.407833,CONFIRMED,04cec5d80bb0b01d019dbe160282a5952e1d09390b6aabad07809078ee80e5af,2026-09-27 13:22:31.406433,Not Started,,
157,PO-2026-0157,54,16,4,4,48500.0,USD,Completed,2026-09-27 13:22:41.229349,2026-09-27 13:22:41.252579,,,,,2026-10-04 13:22:41.215245,2026-09-27 13:22:41.266730,Net 30 Days SLA,"Engineering Dock 2, Tech Campus",,2026-09-27 13:22:41.230716,2026-09-27 13:22:41.410923,CONFIRMED,b39a05155627424e49cacd1ccf825a0c92121b44a4e98a3b90b85a798e67c1f0,2026-09-27 13:22:41.262765,Not Started,,
158,PO-2026-0158,56,16,4,4,48500.0,USD,Issued,2026-09-27 14:18:11.634754,,,,,,2026-10-04 14:18:11.620460,,Net 30 Days SLA,"Engineering Dock 2, Tech Campus",,2026-09-27 14:18:11.636160,2026-09-27 14:18:11.648944,CONFIRMED,aca8e2e04338a135563892233a68836ec4f4d9af61267aceb0c3bf2554457f15,2026-09-27 14:18:11.644269,Not Started,,
159,PO-2026-0159,57,16,4,4,48500.0,USD,Completed,2026-09-27 14:19:57.358437,2026-09-27 14:19:57.385398,,,,,2026-10-04 14:19:57.343699,2026-09-27 14:19:57.399343,Net 30 Days SLA,"Engineering Dock 2, Tech Campus",,2026-09-27 14:19:57.359810,2026-09-27 14:19:57.568154,CONFIRMED,b2273e7abee6d05787aae1f4d5c7f45433af05faf9652cfba5f8efe7d0d11927,2026-09-27 14:19:57.394611,Not Started,,
160,PO-2026-0160,58,16,4,4,48500.0,USD,Completed,2026-09-28 11:40:32.675189,2026-09-28 11:40:32.713221,,,,,2026-10-05 11:40:32.651986,2026-09-28 11:40:32.732306,Net 30 Days SLA,"Engineering Dock 2, Tech Campus",,2026-09-28 11:40:32.677109,2026-09-28 11:40:32.944110,CONFIRMED,5c59748a8305f7c11c1d6e3f594ffe2fac0e41b74676d3509562bd37f43d3918,2026-09-28 11:40:32.725954,Not Started,,
161,PO-2026-0161,59,2,4,4,15400.0,USD,Issued,2026-09-28 11:45:32.131416,,,,,,2026-10-15 00:00:00.000000,,Standard Enterprise Terms (Net 30 Days). Strict SLA enforcement.,"Tech Center Loading Bay 1, San Jose, CA",,2026-09-28 11:45:32.103417,2026-09-28 11:45:32.151241,CONFIRMED,27d1d73852df7ab1b8bbadc30c99060e83a04d323838e20bfa8ac06fb424e686,2026-09-28 11:45:32.148996,Not Started,,
162,PO-2026-0162,60,16,4,4,48500.0,USD,Completed,2026-09-28 11:47:08.587053,2026-09-28 11:47:08.626138,,,,,2026-10-05 11:47:08.566655,2026-09-28 11:47:08.645824,Net 30 Days SLA,"Engineering Dock 2, Tech Campus",,2026-09-28 11:47:08.589607,2026-09-28 11:47:08.876878,CONFIRMED,26138b9bcfeffb4714e507728428e3c6663be20259a5cbcd334bb3e171803db4,2026-09-28 11:47:08.639940,Not Started,,
163,PO-2026-0163,61,16,4,4,48500.0,USD,Delivered,2026-09-28 11:51:28.167617,2026-09-28 11:51:28.230980,,,,,2026-10-05 11:51:28.148166,2026-09-28 11:51:28.248919,Net 30 Days SLA,"Engineering Dock 2, Tech Campus",,2026-09-28 11:51:28.169534,2026-09-28 13:14:14.914436,CONFIRMED,3c40ddc425e70c74ccec4048031c7dfa38c108aaba65d59405df8d5f04a85dec,2026-09-28 11:51:28.243390,Not Started,,
164,PO-2026-0164,62,16,4,4,2500000.0,USD,Delivered,2026-09-28 13:12:50.989752,2026-09-28 13:12:50.989760,,,,,2026-10-12 00:00:00.000000,,Standard Enterprise Terms (Net 30 Days). Strict SLA compliance enforced.,"Central Logistics Terminal, Dock 4, Chicago, IL",,2026-09-28 13:12:27.948941,2026-09-28 13:13:40.260137,CONFIRMED,f2b0c0414102482c4117d5c3b9a858e021be69a6ae9969b18a99ff07bc9d6750,2026-09-28 13:12:50.997273,Not Started,,
165,PO-2026-0165,63,16,4,4,48500.0,USD,Completed,2026-09-29 11:42:55.443403,2026-09-29 11:42:55.460728,,,,,2026-10-06 11:42:55.433903,2026-09-29 11:42:55.468931,Net 30 Days SLA,"Engineering Dock 2, Tech Campus",,2026-09-29 11:42:55.444394,2026-09-29 11:42:55.561542,CONFIRMED,16cd2fc28675a91b396d3eeb4d3cf551b1da101ce05ec939c15020a438d12a05,2026-09-29 11:42:55.466188,Not Started,,
166,PO-2026-0166,64,16,4,4,48500.0,USD,Completed,2026-09-29 12:30:42.665335,2026-09-29 12:30:42.699440,,,,,2026-10-06 12:30:42.649092,2026-09-29 12:30:42.714522,Net 30 Days SLA,"Engineering Dock 2, Tech Campus",,2026-09-29 12:30:42.667525,2026-09-29 12:30:42.916700,CONFIRMED,4e6157f200d2412c6d18cfb64e2f052bb97349b94a1370f1c14efcb376be217b,2026-09-29 12:30:42.710302,Not Started,,
167,PO-2026-0167,65,16,4,4,48500.0,USD,Completed,2026-09-29 13:02:51.406187,2026-09-29 13:02:51.435182,,,,,2026-10-06 13:02:51.390586,2026-09-29 13:02:51.451263,Net 30 Days SLA,"Engineering Dock 2, Tech Campus",,2026-09-29 13:02:51.407689,2026-09-29 13:02:51.616990,CONFIRMED,4c4d6373101b879b76d0a9731a1a33ab33fb132061acb4c57dc23c0695a517e8,2026-09-29 13:02:51.446647,Not Started,,
168,PO-2026-0168,66,16,4,4,48500.0,USD,Completed,2026-09-29 13:53:46.619637,2026-09-29 13:53:46.647968,,,,,2026-10-06 13:53:46.605515,2026-09-29 13:53:46.662385,Net 30 Days SLA,"Engineering Dock 2, Tech Campus",,2026-09-29 13:53:46.621186,2026-09-29 13:53:46.815313,CONFIRMED,accd01bc5364750179804e83d06f126bcd37a62c115c948ed63db4934ddb0de9,2026-09-29 13:53:46.657611,Not Started,,
169,PO-2026-0169,67,16,4,4,24977.0,USD,Delivered,2026-09-29 14:13:01.265676,2026-09-29 14:13:03.657626,,,,,2026-10-13 00:00:00.000000,2026-09-29 00:00:00.000000,Standard Enterprise Terms (Net 30 Days). Strict SLA compliance enforced.,"Central Logistics Terminal, Dock 4, Chicago, IL",,2026-09-29 14:12:09.041276,2026-09-29 14:14:01.235159,CONFIRMED,89d2e7d697ed9a6eb852b5e329420af12e327b8a000c4e8e7d558ed8f1fa457e,2026-09-29 14:12:09.054199,Not Started,,
170,PO-2026-0170,68,16,4,4,48500.0,USD,Completed,2026-09-29 14:19:51.407280,2026-09-29 14:19:51.435197,,,,,2026-10-06 14:19:51.392493,2026-09-29 14:19:51.449178,Net 30 Days SLA,"Engineering Dock 2, Tech Campus",,2026-09-29 14:19:51.408723,2026-09-29 14:19:51.604206,CONFIRMED,1b24ac6afd571ece97dfc661f06d77c2d7666df8f64123c272f9bb4fa38d20ea,2026-09-29 14:19:51.444654,Not Started,,
171,PO-2026-0171,69,16,4,4,48500.0,USD,Completed,2026-09-29 14:33:22.203488,2026-09-29 14:33:22.234337,,,,,2026-10-06 14:33:22.188649,2026-09-29 14:33:22.268600,Net 30 Days SLA,"Engineering Dock 2, Tech Campus",,2026-09-29 14:33:22.205004,2026-09-29 14:33:22.447387,CONFIRMED,ecd37189ce4242d7ce07347adecf624731734f979ebb6d7c5f7bb3bd76809312,2026-09-29 14:33:22.246317,Not Started,,
172,PO-2026-0172,70,16,4,4,250.0,USD,Delivered,2026-10-01 14:21:50.595835,2026-10-01 14:21:50.595851,,2026-10-01 00:00:00.000000,DHL Express Freight,TRK-4646325,2026-09-29 00:00:00.000000,2026-10-01 00:00:00.000000,Standard Enterprise Terms (Net 30 Days). Strict SLA compliance enforced.,"Central Logistics Terminal, Dock 4, Chicago, IL",Order packaged in accordance with industrial safety and delivery standards.,2026-10-01 14:19:58.142744,2026-10-01 14:35:05.013636,CONFIRMED,9207d891c19bd0b901f62e6c14e15ef4c8babd5f3f12ec6a8ed78f904585f62b,2026-10-01 14:21:50.618369,Not Started,,
173,PO-2026-0173,71,16,4,4,48500.0,USD,Completed,2026-10-01 16:55:02.307778,2026-10-01 16:55:02.336992,,,,,2026-10-08 16:55:02.292900,2026-10-01 16:55:02.351319,Net 30 Days SLA,"Engineering Dock 2, Tech Campus",,2026-10-01 16:55:02.309513,2026-10-01 16:55:02.549845,CONFIRMED,c954ccfe93f7c155cd17340249937a2cf8d346585bb4a61997ab6c16e78dd4c2,2026-10-01 16:55:02.347561,Not Started,,
174,PO-2026-0174,73,1,4,4,11500.0,USD,Completed,2026-10-01 17:00:15.049656,2026-10-01 17:00:15.079874,,,,,2026-10-15 00:00:00.000000,2026-10-14 10:00:00.000000,Standard Enterprise Terms (Net 30 Days). Strict SLA enforcement.,"Enterprise Central Warehouse, Dock 4",,2026-10-01 17:00:15.031459,2026-10-01 17:00:15.461957,CONFIRMED,2e3e1e515e89d2bd4b83933ceab1903cfcebb4c35d2d983af52ed41a52caf3c0,2026-10-01 17:00:15.092334,Not Started,,
175,PO-TEST-20261001170158,74,1,4,,145000.0,USD,Completed,,,,2026-10-01 17:01:58.408444,FedEx Express Logistics,TRK-987654321,2026-10-04 17:01:58.408500,,Net 30 Payment Terms,,,2026-10-01 17:01:58.394487,2026-10-01 17:01:58.433679,PENDING,,,Not Started,,
176,PO-2026-0176,77,16,4,4,15400.0,USD,Accepted,2026-10-01 17:04:15.027769,2026-10-01 17:04:15.051196,,,,,2026-10-15 00:00:00.000000,,Standard Enterprise Terms (Net 30 Days). Strict SLA enforcement.,"Tech Center Loading Bay 1, San Jose, CA",,2026-10-01 17:04:15.006586,2026-10-01 17:04:15.101307,CONFIRMED,c8923127d5e827f6fd122ceefd311782d21337940bae396acccf939db3ccfe65,2026-10-01 17:04:15.100047,Not Started,,
177,PO-2026-0177,78,16,4,4,15400.0,USD,Accepted,2026-10-01 17:04:31.417622,2026-10-01 17:04:31.467077,,,,,2026-10-15 00:00:00.000000,,Standard Enterprise Terms (Net 30 Days). Strict SLA enforcement.,"Tech Center Loading Bay 1, San Jose, CA",,2026-10-01 17:04:31.395517,2026-10-01 17:04:31.474874,CONFIRMED,a98a2b278c17fdfc5e7983750130bbcdfeeb2b64b040a4464ee57abf727ba46f,2026-10-01 17:04:31.473982,Not Started,,
178,PO-2026-0178,76,16,4,4,16000.0,USD,Completed,2026-10-01 17:19:29.034868,2026-10-01 17:19:29.034880,,2026-10-01 00:00:00.000000,DHL Express Freight,TRK-5256090,2026-09-30 00:00:00.000000,2026-10-01 00:00:00.000000,Standard Enterprise Terms (Net 30 Days). Strict SLA compliance enforced.,"Central Logistics Terminal, Dock 4, Chicago, IL",Order packaged in accordance with industrial safety and delivery standards.,2026-10-01 17:18:33.543634,2026-10-01 17:22:30.553739,CONFIRMED,218621a40d62aeb0a32391f36c1ae31a5d610c7025ce03eb9b9695bb64564ac8,2026-10-01 17:19:29.048988,Not Started,,
179,PO-2026-0179,81,16,4,4,48500.0,USD,Completed,2026-10-01 17:49:36.917123,2026-10-01 17:49:36.945409,,,,,2026-10-08 17:49:36.901762,2026-10-01 17:49:36.958559,Net 30 Days SLA,"Engineering Dock 2, Tech Campus",,2026-10-01 17:49:36.918985,2026-10-01 17:49:37.115881,CONFIRMED,8b44f1d9179c1b40fe47483b3db45ecc36c6c9ff84c428699c3673af8f8022c0,2026-10-01 17:49:36.954721,Not Started,,
180,PO-2026-0180,82,16,4,4,48500.0,USD,Completed,2026-10-01 17:58:32.691719,2026-10-01 17:58:32.723056,,,,,2026-10-08 17:58:32.674808,2026-10-01 17:58:32.736830,Net 30 Days SLA,"Engineering Dock 2, Tech Campus",,2026-10-01 17:58:32.694621,2026-10-01 17:58:32.895272,CONFIRMED,958d47e99ca3d6e5db8293770f31aaadfe962b0dd7ccb8742c47f66b0e7ab896,2026-10-01 17:58:32.733057,Not Started,,
181,PO-2026-0181,87,16,4,4,48500.0,USD,Completed,2026-10-01 18:02:25.692762,2026-10-01 18:02:25.722586,,,,,2026-10-08 18:02:25.678210,2026-10-01 18:02:25.737003,Net 30 Days SLA,"Engineering Dock 2, Tech Campus",,2026-10-01 18:02:25.695309,2026-10-01 18:02:25.896520,CONFIRMED,728cb64c0df4e35a913d291529778ea345c81d50b487de216c71e9a36ce64eb3,2026-10-01 18:02:25.733105,Not Started,,
182,PO-2026-0182,88,1,4,4,11500.0,USD,Completed,2026-10-01 18:02:32.436222,2026-10-01 18:02:32.464314,,,,,2026-10-15 00:00:00.000000,2026-10-14 10:00:00.000000,Standard Enterprise Terms (Net 30 Days). Strict SLA enforcement.,"Enterprise Central Warehouse, Dock 4",,2026-10-01 18:02:32.418184,2026-10-01 18:02:32.812555,CONFIRMED,181d9b9c580a738fba8e37e27247d9c6194b8d7b7208f89726291ec362797693,2026-10-01 18:02:32.477402,Not Started,,
183,PO-2026-0183,89,16,4,4,250000.0,USD,Issued,2026-10-03 18:47:15.833478,,,,,,2026-10-17 00:00:00.000000,,Standard Enterprise Terms (Net 30 Days). Strict SLA compliance enforced.,"Central Logistics Terminal, Dock 4, Chicago, IL",,2026-10-03 17:34:02.604369,2026-10-03 18:47:15.862427,CONFIRMED,635cfe06c4eb227a06def9a06ee54d9dbd7b5372dac6111507580a9b087ac4f3,2026-10-03 18:47:15.859431,Not Started,,
