id,requisition_id,item_name,description,quantity,estimated_unit_price,estimated_total_price,sku,specifications
1,1,ThinkPad P16 Gen 2 Workstation,"Core i9, 64GB RAM, 1TB NVMe, RTX 3500 Ada GPU",50.0,1500.0,75000.0,TP-P16G2-DEV,
2,15,Laptop,"Core i7/i9, 32GB RAM, 1TB SSD, 16-inch display",50.0,50000.0,2500000.0,SKU-ITE-0001,
3,39,Fluke 87V Precision Multimeter,True-RMS industrial multimeter,10.0,5000.0,50000.0,FLK-87V-PRO,
4,43,Fluke 87V Precision Multimeter,True-RMS industrial multimeter,10.0,5000.0,50000.0,FLK-87V-PRO,
5,50,Fluke 87V Precision Multimeter,True-RMS industrial multimeter,10.0,5000.0,50000.0,FLK-87V-PRO,
6,51,Fluke 87V Precision Multimeter,True-RMS industrial multimeter,10.0,5000.0,50000.0,FLK-87V-PRO,
7,54,Fluke 87V Precision Multimeter,True-RMS industrial multimeter,10.0,5000.0,50000.0,FLK-87V-PRO,
8,56,Fluke 87V Precision Multimeter,True-RMS industrial multimeter,10.0,5000.0,50000.0,FLK-87V-PRO,
9,57,Fluke 87V Precision Multimeter,True-RMS industrial multimeter,10.0,5000.0,50000.0,FLK-87V-PRO,
10,58,Fluke 87V Precision Multimeter,True-RMS industrial multimeter,10.0,5000.0,50000.0,FLK-87V-PRO,
11,60,Fluke 87V Precision Multimeter,True-RMS industrial multimeter,10.0,5000.0,50000.0,FLK-87V-PRO,
12,61,Fluke 87V Precision Multimeter,True-RMS industrial multimeter,10.0,5000.0,50000.0,FLK-87V-PRO,
13,63,Fluke 87V Precision Multimeter,True-RMS industrial multimeter,10.0,5000.0,50000.0,FLK-87V-PRO,
14,64,Fluke 87V Precision Multimeter,True-RMS industrial multimeter,10.0,5000.0,50000.0,FLK-87V-PRO,
15,65,Fluke 87V Precision Multimeter,True-RMS industrial multimeter,10.0,5000.0,50000.0,FLK-87V-PRO,
16,66,Fluke 87V Precision Multimeter,True-RMS industrial multimeter,10.0,5000.0,50000.0,FLK-87V-PRO,
17,68,Fluke 87V Precision Multimeter,True-RMS industrial multimeter,10.0,5000.0,50000.0,FLK-87V-PRO,
18,69,Fluke 87V Precision Multimeter,True-RMS industrial multimeter,10.0,5000.0,50000.0,FLK-87V-PRO,
19,71,Fluke 87V Precision Multimeter,True-RMS industrial multimeter,10.0,5000.0,50000.0,FLK-87V-PRO,
20,81,Fluke 87V Precision Multimeter,True-RMS industrial multimeter,10.0,5000.0,50000.0,FLK-87V-PRO,
21,82,Fluke 87V Precision Multimeter,True-RMS industrial multimeter,10.0,5000.0,50000.0,FLK-87V-PRO,
22,87,Fluke 87V Precision Multimeter,True-RMS industrial multimeter,10.0,5000.0,50000.0,FLK-87V-PRO,
