id,full_name,email,hashed_password,role,phone,company,department,vendor_category,product_service,business_reg_number,gst_tax_id,approval_status,rejection_reason,is_active,created_at,updated_at
1,Admin User,admin@vendor-iq.com,pbkdf2:a4ba6d7ef5d67d36:c8b287c1adfdde9225de0dfe9c5974d6c2f95f597cbd675f4228aed6c5772830,Administrator,+1 (555) 019-2834,VendorIQ Global,Administration,,,,,APPROVED,,1,2026-09-21 17:45:37.904572,2026-09-21 17:45:37.904575
2,Sarah Jenkins,procurement@vendor-iq.com,pbkdf2:4991d26bb5b88eb7:3c6cab25587efc6c805f7d90786dc09eb7352d06ac9c6ca625d4567c999e4407,Procurement Manager,+1 (555) 019-2834,VendorIQ Global,Procurement Operations,,,,,APPROVED,,1,2026-09-21 17:45:37.908484,2026-09-21 17:45:37.908487
3,Elena Rostova,finance@vendor-iq.com,pbkdf2:46bfcb23196cd846:57d99bd9e460d347ef0c18053b838910571d1e988bf83436818e7694fb2d56ac,Finance Officer,+1 (555) 019-2834,VendorIQ Global,Corporate Finance,,,,,APPROVED,,1,2026-09-21 17:45:37.911611,2026-09-21 17:45:37.911616
4,Marcus Vance,supplychain@vendor-iq.com,pbkdf2:706e16938a0ba278:c990971556faae8e2f8fc826767efbc2accb31b760011cb88d1d5f49a4f56ce0,Supply Chain Manager,+1 (555) 019-2834,VendorIQ Global,Supply Chain & Logistics,,,,,APPROVED,,1,2026-09-21 17:45:37.914930,2026-09-21 17:45:37.914934
5,David Chen,vendor@vendor-iq.com,pbkdf2:ce8711004fb39d76:e7f13051ecbf8160c5e3d59367a56ec738ecd2f16df46f2228d591ef2154582f,Vendor,+1 (555) 019-2834,Apex Industrial Materials Corp.,External Vendor,,,,,APPROVED,,1,2026-09-21 17:45:37.917435,2026-09-21 17:45:37.917439
6,Arthur Pendelton,auditor@vendor-iq.com,pbkdf2:d5c41c5b0eb3f0c1:2784f4ee66e490169b4a7fd2557becf6ae7f4e5e1cec399a07c37aeaba4cd14f,Auditor,+1 (555) 019-2834,VendorIQ Global,Internal Risk & Audit,,,,,APPROVED,,1,2026-09-21 17:45:37.919700,2026-09-21 17:45:37.919704
7,Precision Optics Rep,contact@precision-optics.com,pbkdf2:64c27fbaeaa60615:4d360c1cecab041452cf506e93e6a6eb6016f01926636ff6389084e1b38b2a78,Vendor,,Precision Optics Ltd,Information Technology,Equipment Vendors,High-Precision Laser Lenses,CIN-8840192-OPT,GSTIN-06AAACR1234F1Z8,APPROVED,,1,2026-09-21 17:45:50.900512,2026-09-21 17:46:20.594176
8,Advanced Optics Rep,optics@quantum-sensors.com,pbkdf2:0736293d886ded33:c3cd19c6a65097bec7a760d1f1f4eeeaa5cccb68a74af689c9d95592656064f8,Vendor,,Quantum Optics Labs,Information Technology,Equipment Vendors,High-Precision Spectral Sensors,CIN-772019-OPT,GSTIN-19AAACQ9876E1Z2,APPROVED,,1,2026-09-21 17:53:46.772849,2026-09-21 17:53:46.804098
9,Advanced Optics Rep,optics_1790013255@quantum-sensors.com,pbkdf2:1e49e16250e18ad8:c3099eb54f087b5807fedad41f3cb5078ff9ab1cfa5efc65a60d3cb126906b8b,Vendor,,Quantum Optics Labs,Information Technology,Equipment Vendors,High-Precision Spectral Sensors,CIN-772019-OPT,GSTIN-19AAACQ9876E1Z2,APPROVED,,1,2026-09-21 17:54:15.148207,2026-09-21 17:54:15.217011
10,Advanced Optics Rep,optics_1790013272@quantum-sensors.com,pbkdf2:d3f3b31716a4a322:2e6e6cda36dac310c861df1ace9ec18178b03033b2dd0541f638ceb44d8d8e5a,Vendor,,Quantum Optics Labs,Information Technology,Equipment Vendors,High-Precision Spectral Sensors,CIN-772019-OPT,GSTIN-19AAACQ9876E1Z2,APPROVED,,1,2026-09-21 17:54:32.040696,2026-09-21 17:54:32.097979
11,Advanced Optics Rep,optics_1790013297@quantum-sensors.com,pbkdf2:09a2f8dbc062a5e3:f9d15e641d13bb322141df025194369ac0c467b9bf0bfabc729fb07d9f39a8fb,Vendor,,Quantum Optics Labs,Information Technology,Equipment Vendors,High-Precision Spectral Sensors,CIN-772019-OPT,GSTIN-19AAACQ9876E1Z2,APPROVED,,1,2026-09-21 17:54:57.758532,2026-09-21 17:54:57.813254
12,Advanced Optics Rep,optics_1790013345@quantum-sensors.com,pbkdf2:2630fcaf110c5db0:5642e30b3cd6ee8429e17840649a445bf9f1c69ca76b6bcdfd4e90c9f1326b47,Vendor,,Quantum Optics Labs,Information Technology,Equipment Vendors,High-Precision Spectral Sensors,CIN-772019-OPT,GSTIN-19AAACQ9876E1Z2,APPROVED,,1,2026-09-21 17:55:45.603893,2026-09-21 17:55:45.663057
13,Advanced Optics Rep,optics_1790013377@quantum-sensors.com,pbkdf2:9e4e2b6764a8e59e:5927deef54da978cf8fa3c79b4328658c20a723f424ef9a995ce3d4d77683b42,Vendor,,Quantum Optics Labs,Information Technology,Equipment Vendors,High-Precision Spectral Sensors,CIN-772019-OPT,GSTIN-19AAACQ9876E1Z2,APPROVED,,1,2026-09-21 17:56:17.075887,2026-09-21 17:56:17.142885
14,Advanced Optics Rep,optics_1790013423@quantum-sensors.com,pbkdf2:00fc82463900c9ce:bdff08458a40172d945daff8ab3e9fd1f6ecfe8a0a064c85d29ada8a4a0a256f,Vendor,,Quantum Optics Labs,Information Technology,Equipment Vendors,High-Precision Spectral Sensors,CIN-772019-OPT,GSTIN-19AAACQ9876E1Z2,APPROVED,,1,2026-09-21 17:57:03.891168,2026-09-21 17:57:03.949722
15,Advanced Optics Rep,optics_1790013936@quantum-sensors.com,pbkdf2:ef5e6fc2e67a5697:65ebbfb2952243d5a4d40c0aa9d186f1e5f6c7ca9475747ea4158e8817c6b753,Vendor,+1 (555) 902-1823,Advanced Optics Rep,Information Technology,Equipment Vendors,Equipment Vendors,,,APPROVED,,1,2026-09-21 18:05:36.473574,2026-09-21 18:05:36.529324
16,Advanced Optics Rep,optics_1790014005@quantum-sensors.com,pbkdf2:2157860a4355a47d:06bbdfd640c65beca343d23dbb93275004acc1c1b2de743e432e8a07858d450a,Vendor,+1 (555) 902-1823,Advanced Optics Rep,Information Technology,Equipment Vendors,Equipment Vendors,,,APPROVED,,1,2026-09-21 18:06:45.235512,2026-09-21 18:06:45.281850
17,Manikanta,manikanta@gmail.com,pbkdf2:3f8cc63b943cbffa:565a6a25342daf367bcaab7033aafd9ad2de871bde934d58aa015adf83296eb9,Vendor,6304483075,Manikanta,Information Technology,Service Providers,Service Providers,,,APPROVED,,1,2026-09-22 11:26:38.236473,2026-09-22 11:27:34.514285
18,yashwanth,yashwanth@gmail.com,pbkdf2:846e0363898f98de:30d929681a421d271cc799ebadf5b40fe04fc53181082df8bfc1dbabf74bb983,Vendor,7892456678,yashwanth,Information Technology,IT & Electronics,"Laptop, Desktop, Monitor, IT & Electronics",,,APPROVED,,1,2026-09-22 13:43:20.435912,2026-09-22 13:57:26.788269
19,prabhas,prabhas@gmail.com,pbkdf2:192399708caee8cb:5d096f0f0d3659b9899a1cb9593cc8cfd7ea5063c2ba03cef631fb2f978548ff,Procurement Manager,7745435353,prabhas,Information Technology,Raw Materials,Raw Materials,,,APPROVED,,1,2026-09-23 13:08:06.856273,2026-09-27 13:05:38.330978
20,Department Requester,requester@vendor-iq.com,pbkdf2:d5a4e64c49459c35:f4355297851e0cb6670919858aef69c5f6e0e7ccae8cebb564827b7c289888c3,Requesting User,+1 (555) 019-2834,VendorIQ Global,Operations & Facilities,,,,,APPROVED,,1,2026-09-27 13:04:05.459958,2026-09-27 13:04:05.459963
21,ABC Technologies,enterprise@abctechnologies.com,pbkdf2:02709e7c37572bcc:04592aa96bb5ef7856e822067a486c5acfb0c302b1839ee64f1e674c14227f19,Vendor,+91 80 4123 4567,ABC Technologies Inc,External Vendor,IT & Electronics,"Laptop, Desktop, Monitor, Printer",CIN-U72200KA2015PTC082910,29AABCA1234C1Z5,APPROVED,,1,2026-09-27 13:04:41.205408,2026-09-27 13:04:41.205413
22,Digital Systems Inc,procure@digitalsystems.io,pbkdf2:f5c064c0ceaee091:85363211dd4a7c67b8c7d5410f703a2127c34db0c170af2bd2a853c5e6f42a82,Vendor,+91 22 2847 1199,Digital Systems Solutions Ltd,External Vendor,IT & Electronics,"Laptop, Desktop, Networking Equipment",CIN-U72900MH2017PLC094182,27AABCD9910D1Z2,APPROVED,,1,2026-09-27 13:04:41.264752,2026-09-27 13:04:41.264756
23,Computer World Tech,sales@computerworld.com,pbkdf2:8f48aee639a8ac4d:a8a99df35dbdf076f1870c9366f17ae1563f53b069743b64145d9b2b8a18d63c,Vendor,+91 11 4910 8822,Computer World Hardware LLP,External Vendor,IT & Electronics,"Laptop, Desktop, Computer Peripherals",LLPIN-AAB-9921,07AAACW8819A1Z9,APPROVED,,1,2026-09-27 13:04:41.278959,2026-09-27 13:04:41.278962
24,TechDistro Global,support@techdistro.com,pbkdf2:cb87cc9539048e53:2956b558487e0feb5486d05d3134c04cc4432e3e71c05c587da3c0c0fc498fdc,Vendor,+91 44 2819 0011,TechDistro Trading FZ,External Vendor,IT & Electronics,"Laptop, Tablets, Accessories",CIN-U74999TN2018PTC120491,33AAACT7729B1Z4,APPROVED,,1,2026-09-27 13:04:41.285345,2026-09-27 13:04:41.285349
25,Sri Industrial Materials,supply@srimaterials.com,pbkdf2:0ec363b67a6ea868:c8932767699ab14da655c7fbddf557b01b0084649e326ce4fa61f68dc7cda6df,Vendor,+91 40 2300 8844,Sri Industrial & Alloys Pvt Ltd,External Vendor,Raw Materials,"Steel, Cement, Copper",CIN-U27100TG2014PTC091823,36AAACS4412E1Z8,APPROVED,,1,2026-09-27 13:04:41.291721,2026-09-27 13:04:41.291724
26,Acme Industrial Supplies,sales@acme-industrial.com,pbkdf2:b553483fb7c65833:eef39ff3338725b8ae0294550ef980f88cb01f4ad047fb27efeb7388d80d78fc,Vendor,+1 800-555-0101,Acme Structural Corp,External Vendor,Raw Materials,"Steel, Fasteners, Structural Metals",US-DE-8829104,TAX-US-36-8819201,APPROVED,,1,2026-09-27 13:04:41.297898,2026-09-27 13:04:41.297901
27,Apex Facility & IT Maintenance,services@apexmaintenance.com,pbkdf2:1ef8f1cae4550b88:c0f982389dd89a87f683b4e8d7291ccc63f7bbf140734a1f4123ca6d2bc649bd,Vendor,+91 80 6710 4400,Apex Enterprise Services Ltd,External Vendor,Services & Maintenance,"Equipment Maintenance, Facility Maintenance, IT Support, Repair Services",CIN-U74140KA2016PLC098231,29AAACA9928F1Z3,APPROVED,,1,2026-09-27 13:04:41.300792,2026-09-27 13:04:41.300796
28,Titan Heavy Machining,orders@titanmachining.com,pbkdf2:be5e29f6e4656b91:1da10e10c3292e1b524754ba968f43dcfa90102f86daddafe0ec6bed7493a4d6,Vendor,+91 20 2712 9900,Titan Heavy Engineering Ltd,External Vendor,Machinery & Spare Parts,"Motors, Pumps, Bearings, Machine Components",CIN-U29100PN2013PLC084920,27AAACT3310G1Z6,APPROVED,,1,2026-09-27 13:04:41.307268,2026-09-27 13:04:41.307271
29,FastMove Logistics Freight,dispatch@fastmovelogistics.com,pbkdf2:c7b2940c01f101d2:cfccae6ad5f86e855a7409941056b30fdd83d7b1a923bd544fca87de868f8730,Vendor,+91 124 4920 100,FastMove Intermodal Logistics,External Vendor,Logistics & Transportation,"Truck Transportation, Freight, Warehousing, Delivery Services",CIN-U60200HR2015PTC078912,06AAACF1102H1Z1,APPROVED,,1,2026-09-27 13:04:41.313814,2026-09-27 13:04:41.313817
30,Metro Office Solutions,sales@metro-office.com,pbkdf2:24f5ab1564dbd5e7:9ee068ca62a391b62c82eddb948e1cbacdf1a5a802f8d45b1a85d7b38912f81a,Vendor,+91 40 4499 1234,Metro Office Furnishings & Supplies,External Vendor,Office Supplies & Equipment,"Chairs, Tables, Stationery, Office Equipment",CIN-U36100TG2017PTC099412,36AAACM8839J1Z7,APPROVED,,1,2026-09-27 13:04:41.320024,2026-09-27 13:04:41.320028
31,Apex Semiconductor Tech,orders@apexsemi.io,pbkdf2:253c1216b5322649:455940b02738aa0e2c6aef4b0a757bf78b7871d348848aa20a72bf5da3b17afd,Vendor,+1 800-555-0102,Apex Semi Inc,External Vendor,IT Vendors,Microcontrollers & Embedded Sensors,,,APPROVED,,1,2026-09-27 13:05:01.190490,2026-09-27 13:05:01.190495
32,Global Cargo Express,dispatch@globalcargo.com,pbkdf2:845afd00f76aaad3:a5453142df6e17489c5d6562e80b740d77542b0fd9ddbbc3e9b6260b77b3184e,Vendor,+1 800-555-0103,Global Cargo Logistics,External Vendor,Logistics Partners,Cross-Border Multimodal Freight,,,APPROVED,,1,2026-09-27 13:05:01.193566,2026-09-27 13:05:01.193571
33,Test Engineer,test.engineer.1790514388@vendor-iq.com,pbkdf2:cdaf981bf95acd69:7e1475f8b03b908f5d918deae9a5954c5d751e1522a15964f1b03e6b81ad3ee6,Requesting User,,,Information Technology,,,,,APPROVED,,1,2026-09-27 13:06:28.741964,2026-09-27 13:06:28.798026
34,FastSupply Logistics Rep,fastsupply_1790514839081@globalfreight.com,pbkdf2:d903ba922f7f910e:59143a8e786468d0128f7cb855488968212b909c8a3ddee8ff50364fef69a9ed,Vendor,+1 800-555-1234,FastSupply Logistics Corp 1790514839081,External Vendor,Logistics & Transportation,Freight & Warehousing,,,APPROVED,,1,2026-09-27 13:13:59.158734,2026-09-27 13:13:59.158739
35,Precision Tech Components,precision_1790514839081@techparts.io,pbkdf2:a73a71ce36986bf6:de34d74b4ad9b97495c3749100fbbd2525fb0efe9c2907a5c5c4e3ac5fc2b7f8,Vendor,+1 888-555-4321,Precision Tech Components Ltd 1790514839081,External Vendor,Machinery & Spare Parts,Bearings & Pumps,,,APPROVED,,1,2026-09-27 13:13:59.208476,2026-09-27 13:13:59.240458
36,Direct Quantum Supplier,directvendor_1790514839081@quantum.com,pbkdf2:7976e330ecf87705:9b7b7e9a51f87d8b8734555f4be34e19d3192f4a99ca69a1d92b8eb4d40842c7,Vendor,+1 800-777-9999,Direct Quantum Corp 1790514839081,External Vendor,IT & Electronics,Laptops & Microelectronics,,,APPROVED,,1,2026-09-27 13:13:59.257569,2026-09-27 13:13:59.257573
37,FastSupply Logistics Rep,fastsupply_1790515174809@globalfreight.com,pbkdf2:52a0955f7ee7e3e7:fc607d8eb1b41c3e1039df8550acfdf2bd474daacbf76ce0235c721ec284a113,Vendor,+1 800-555-1234,FastSupply Logistics Corp 1790515174809,External Vendor,Logistics & Transportation,Freight & Warehousing,,,APPROVED,,1,2026-09-27 13:19:34.887915,2026-09-27 13:19:34.887920
38,Precision Tech Components,precision_1790515174809@techparts.io,pbkdf2:1cc08205137e7701:41f2b1797ddf12da412153c2b57eb261b11da6c499123c4386718108199cb5e1,Vendor,+1 888-555-4321,Precision Tech Components Ltd 1790515174809,External Vendor,Machinery & Spare Parts,Bearings & Pumps,,,APPROVED,,1,2026-09-27 13:19:34.944757,2026-09-27 13:19:34.979578
39,Direct Quantum Supplier,directvendor_1790515174809@quantum.com,pbkdf2:a46f820fd17ecf44:9712a6b164ef9b5b4a6e05ac38f4fba5f8316ddfee59d43c618f18699d9bc41c,Vendor,+1 800-777-9999,Direct Quantum Corp 1790515174809,External Vendor,IT & Electronics,Laptops & Microelectronics,,,APPROVED,,1,2026-09-27 13:19:34.998044,2026-09-27 13:19:34.998048
40,Portal Vendor Rep,portal_vendor_1790515174809@logistics-link.com,pbkdf2:8ef31324ccb829c1:92e19a5420aedc459c1f616c00e44b113268e998f37b88e5fb36d6981a05076c,Vendor,+1 800-444-5555,Portal Vendor Rep,Information Technology,Logistics & Transportation,Logistics & Transportation,,,APPROVED,,1,2026-09-27 13:19:35.039500,2026-09-27 13:19:35.103937
41,FastSupply Logistics Rep,fastsupply_1790515329479@globalfreight.com,pbkdf2:da3040aaf274f64c:ae492caf4424163b6f247c97f492a9907cff24c1f9e1348f4c7a2c106a452145,Vendor,+1 800-555-1234,FastSupply Logistics Corp 1790515329479,External Vendor,Logistics & Transportation,Freight & Warehousing,,,APPROVED,,1,2026-09-27 13:22:09.561657,2026-09-27 13:22:09.561662
42,Precision Tech Components,precision_1790515329479@techparts.io,pbkdf2:3c14a37f17b27c51:19e31dd6f7b6fa58939ea5d09319e92d9dbd71973620fc64962cd8412e501b2b,Vendor,+1 888-555-4321,Precision Tech Components Ltd 1790515329479,External Vendor,Machinery & Spare Parts,Bearings & Pumps,,,APPROVED,,1,2026-09-27 13:22:09.618915,2026-09-27 13:22:09.655574
43,Direct Quantum Supplier,directvendor_1790515329479@quantum.com,pbkdf2:3c269ff0d5f170f3:19f0c34c83cdb5a974fa449703b4746ea95c7ac0ae9a8a5264e3de40a6b6e4fd,Vendor,+1 800-777-9999,Direct Quantum Corp 1790515329479,External Vendor,IT & Electronics,Laptops & Microelectronics,,,APPROVED,,1,2026-09-27 13:22:09.674772,2026-09-27 13:22:09.674781
44,Portal Vendor Rep,portal_vendor_1790515329479@logistics-link.com,pbkdf2:97d1306d67c21428:d1b9c8690d1c54ce72fab8e8baaf6c93778d192af14b4dd9d4d720f118bb869c,Vendor,+1 800-444-5555,Portal Vendor Rep,Information Technology,Logistics & Transportation,Logistics & Transportation,,,APPROVED,,1,2026-09-27 13:22:09.714195,2026-09-27 13:22:09.742569
45,FastSupply Logistics Rep,fastsupply_1790515718162@globalfreight.com,pbkdf2:7c3eb67690b468fa:ec8879703210fbfce0f0ce8035f138f6a95878a326496205fcf0b7df59f74539,Vendor,+1 800-555-1234,FastSupply Logistics Corp 1790515718162,External Vendor,Logistics & Transportation,Freight & Warehousing,,,APPROVED,,1,2026-09-27 13:28:38.242074,2026-09-27 13:28:38.242079
46,Precision Tech Components,precision_1790515718162@techparts.io,pbkdf2:432a967db874c3b2:3eea428b107c88e7a1cd0dd8b2b14bc2b16e37bad72d4065bdcc83af36230733,Vendor,+1 888-555-4321,Precision Tech Components Ltd 1790515718162,External Vendor,Machinery & Spare Parts,Bearings & Pumps,,,APPROVED,,1,2026-09-27 13:28:38.299233,2026-09-27 13:28:38.334445
47,Direct Quantum Supplier,directvendor_1790515718162@quantum.com,pbkdf2:d5dd2d0d0b27122a:a5c1355c56fcde5f4d05623a7e177ddabc54332645fed4a79282b2bba900b83d,Vendor,+1 800-777-9999,Direct Quantum Corp 1790515718162,External Vendor,IT & Electronics,Laptops & Microelectronics,,,APPROVED,,1,2026-09-27 13:28:38.353011,2026-09-27 13:28:38.353015
48,Portal Vendor Rep,portal_vendor_1790515718162@logistics-link.com,pbkdf2:07ba4471c87ce9b0:fdc92c64be5674ae3d029865aaf844df09e4643af024ddb0f95955cb45115f4f,Vendor,+1 800-444-5555,Portal Vendor Rep,Information Technology,Logistics & Transportation,Logistics & Transportation,,,APPROVED,,1,2026-09-27 13:28:38.392092,2026-09-27 13:28:38.415783
49,FastSupply Logistics Rep,fastsupply_1790516173324@globalfreight.com,pbkdf2:4525eb14d0116465:a1334fe16829dc77f828f5d256bbeb496a842e211b6763eeb70b9aed7fbdc543,Vendor,+1 800-555-1234,FastSupply Logistics Corp 1790516173324,External Vendor,Logistics & Transportation,Freight & Warehousing,,,APPROVED,,1,2026-09-27 13:36:13.407119,2026-09-27 13:36:13.407129
50,Precision Tech Components,precision_1790516173324@techparts.io,pbkdf2:c59960909b5ba0d5:86bc32dde054fe0a0cbebd8c53bf2d775a64d1065b15e3eb7dc60d7568b14dfd,Vendor,+1 888-555-4321,Precision Tech Components Ltd 1790516173324,External Vendor,Machinery & Spare Parts,Bearings & Pumps,,,APPROVED,,1,2026-09-27 13:36:13.464941,2026-09-27 13:36:13.501321
51,Direct Quantum Supplier,directvendor_1790516173324@quantum.com,pbkdf2:4b5da269321024cb:22249bae9df88558ed21e7bd44a8abbed7adfb0bba7bb04f262cc2330f3183d4,Vendor,+1 800-777-9999,Direct Quantum Corp 1790516173324,External Vendor,IT & Electronics,Laptops & Microelectronics,,,APPROVED,,1,2026-09-27 13:36:13.521568,2026-09-27 13:36:13.521573
52,Portal Vendor Rep,portal_vendor_1790516173324@logistics-link.com,pbkdf2:6ca6c2a89de59a75:a6f08426ee1f63d423dbb8bbdfa4c9f1ebeb7c68019e67ee114df89d789e3196,Vendor,+1 800-444-5555,Portal Vendor Rep,Information Technology,Logistics & Transportation,Logistics & Transportation,,,APPROVED,,1,2026-09-27 13:36:13.563050,2026-09-27 13:36:13.588671
53,FastSupply Logistics Rep,fastsupply_1790517026317@globalfreight.com,pbkdf2:543dff14dd11d8e6:5f802325ef8abde0f19c8155d73f625073ef790008e6a5b2ed4639add2be185e,Vendor,+1 800-555-1234,FastSupply Logistics Corp 1790517026317,External Vendor,Logistics & Transportation,Freight & Warehousing,,,APPROVED,,1,2026-09-27 13:50:26.402037,2026-09-27 13:50:26.402042
54,Precision Tech Components,precision_1790517026317@techparts.io,pbkdf2:bb35c6144ab47c02:fda168228b1e782e32a7e40390dbe318ed3427ab1214fd23401461da655192fa,Vendor,+1 888-555-4321,Precision Tech Components Ltd 1790517026317,External Vendor,Machinery & Spare Parts,Bearings & Pumps,,,APPROVED,,1,2026-09-27 13:50:26.456126,2026-09-27 13:50:26.490220
55,Direct Quantum Supplier,directvendor_1790517026317@quantum.com,pbkdf2:b09d4b0d91ed582b:06d03e92f4dd33553c0a8f9c0ffaa9b462ab9e15c6de663d9cbb58d7d6c50551,Vendor,+1 800-777-9999,Direct Quantum Corp 1790517026317,External Vendor,IT & Electronics,Laptops & Microelectronics,,,APPROVED,,1,2026-09-27 13:50:26.508032,2026-09-27 13:50:26.508036
56,Portal Vendor Rep,portal_vendor_1790517026317@logistics-link.com,pbkdf2:6662138e8090fa82:b4a8a13a97e9dd129cf4667f40793a7f5d0dfa43b9385e0b9f4fd1a5608789fe,Vendor,+1 800-444-5555,Portal Vendor Rep,Information Technology,Logistics & Transportation,Logistics & Transportation,,,APPROVED,,1,2026-09-27 13:50:26.545591,2026-09-27 13:50:26.571492
57,Ajay,ajay@gmail.com,pbkdf2:558785802e9a7feb:4062870754548153d3500f4f1e9f7cfe0cc035068c6593958563a0ca03bbd8ac,Vendor,557778999,Ajay,Information Technology,Machinery & Spare Parts,Machinery & Spare Parts,,,APPROVED,,1,2026-09-28 12:25:19.249021,2026-09-28 12:25:26.682475
58,abhi,abhi@gmail.com,pbkdf2:660372744d8f00de:a66430544ed9eba87bb9391eac1df782bcb86c4451bed0381ca0a54c3aef119d,Vendor,5788556677,abhi,Information Technology,Machinery & Spare Parts,Machinery & Spare Parts,,,PENDING,,0,2026-09-28 12:32:16.610540,2026-09-28 12:32:16.610544
59,Advanced Optics Rep,optics_1790873711@quantum-sensors.com,pbkdf2:13d3b63adffc6fee:c1fcc6ed21f9c92a5b069a70ce852e59fdb6267d29c9db768a2c945bbd7bad10,Vendor,+1 (555) 902-1823,Advanced Optics Rep,Information Technology,Office Supplies & Equipment,Office Supplies & Equipment,,,PENDING,,0,2026-10-01 16:55:11.073425,2026-10-01 16:55:11.073430
60,Advanced Optics Rep,optics_1790873901@quantum-sensors.com,pbkdf2:09c454adbb0ddd73:2b88d19366a4f7a4900f1d6b6c1a2ef42fd319d8b2893f43dcc370342dc164ee,Vendor,+1 (555) 902-1823,Advanced Optics Rep,Information Technology,Office Supplies & Equipment,Office Supplies & Equipment,,,APPROVED,,1,2026-10-01 16:58:21.770998,2026-10-01 16:58:21.833204
61,Advanced Optics Rep,optics_1790874014@quantum-sensors.com,pbkdf2:348a0e01bd21b360:2b0c623e685c546a610fb2b27e23b25ec336962fb5c17707ba12d5354f923c42,Vendor,+1 (555) 902-1823,Advanced Optics Rep,Information Technology,Office Supplies & Equipment,Office Supplies & Equipment,,,APPROVED,,1,2026-10-01 17:00:14.781339,2026-10-01 17:00:14.840820
62,Approve Candidate,user.approve.1790874028640@vendor-iq.com,pbkdf2:d639db9a590398c9:b32e2fb74859cdcfd963ad7fff31d5a38826530919f131edcb75ae16e5d9a7d3,Requesting User,,VendorIQ Enterprise,Engineering,,,,,PENDING,,0,2026-10-01 17:00:28.648466,2026-10-01 17:00:28.648471
63,Reject Candidate,user.reject.1790874028640@vendor-iq.com,pbkdf2:600de6b544c5a736:f57e16c14645b7b324133406045b478c7312722e0bee6164452069c484fadb58,Procurement Manager,,External Vendor Inc,External,,,,,PENDING,,0,2026-10-01 17:00:28.677906,2026-10-01 17:00:28.677911
64,Test Engineer,test.engineer.1790874163@vendor-iq.com,pbkdf2:2bb83f5f096962f9:bea8c8a0476a7663844f714fa1639774bf6ba8c78e62176b1b6504551bc4b351,Requesting User,,,Information Technology,,,,,APPROVED,,1,2026-10-01 17:02:43.076350,2026-10-01 17:02:43.113191
65,Test Engineer,test.engineer.1790874254@vendor-iq.com,pbkdf2:44df7d96d8c8be51:b2e3fefb883e8a0e791e59d1061c13c0bb361fbda2b511d3bfc5df3847447335,Requesting User,,,Information Technology,,,,,APPROVED,,1,2026-10-01 17:04:14.754009,2026-10-01 17:04:14.791988
66,FastSupply Logistics Rep,fastsupply_1790874281189@globalfreight.com,pbkdf2:e134c9d93b558312:1cea31f3fce262895157e646f1ce5b0cfb4120c06be96de679b52672f1c8c7e1,Vendor,+1 800-555-1234,FastSupply Logistics Corp 1790874281189,External Vendor,Logistics & Transportation,Freight & Warehousing,,,PENDING,,0,2026-10-01 17:04:41.282894,2026-10-01 17:04:41.282903
67,FastSupply Logistics Rep,fastsupply_1790874364589@globalfreight.com,pbkdf2:0ad2c7bdd9117108:9339c20ea062494319228f5f4daa92f2f5a4e99672d51b9af8f14969913102f9,Vendor,+1 800-555-1234,FastSupply Logistics Corp 1790874364589,External Vendor,Logistics & Transportation,Freight & Warehousing,,,APPROVED,,1,2026-10-01 17:06:04.685945,2026-10-01 17:06:04.685951
68,Precision Tech Components,precision_1790874364589@techparts.io,pbkdf2:c2d46dc803b65708:7de3a47456b1d43e60a4a1e256950340975b775b0480b31ee29250f7ea93bbc3,Vendor,+1 888-555-4321,Precision Tech Components Ltd 1790874364589,External Vendor,Machinery & Spare Parts,Bearings & Pumps,,,APPROVED,,1,2026-10-01 17:06:04.745218,2026-10-01 17:06:04.784319
69,Direct Quantum Supplier,directvendor_1790874364589@quantum.com,pbkdf2:b9a7a0b0f08e6836:73e3cb72bfe59c7ee5f620133fd48e1b5cff17610e4a4e0401ed9774bd656e70,Vendor,+1 800-777-9999,Direct Quantum Corp 1790874364589,External Vendor,IT & Electronics,Laptops & Microelectronics,,,PENDING,,0,2026-10-01 17:06:04.804092,2026-10-01 17:06:04.804097
70,FastSupply Logistics Rep,fastsupply_1790874408148@globalfreight.com,pbkdf2:5854808aaaa89b6d:6374f05db8bd0d56bf817bcfd0618aacee36538f049606dbc90994a86c8cefea,Vendor,+1 800-555-1234,FastSupply Logistics Corp 1790874408148,External Vendor,Logistics & Transportation,Freight & Warehousing,,,APPROVED,,1,2026-10-01 17:06:48.235183,2026-10-01 17:06:48.235187
71,Precision Tech Components,precision_1790874408148@techparts.io,pbkdf2:46fd76d1c9ead9a0:d03f2e66b9563ce878ffa87355ef80d4f9646aff06671184a44ae46ef466a5ea,Vendor,+1 888-555-4321,Precision Tech Components Ltd 1790874408148,External Vendor,Machinery & Spare Parts,Bearings & Pumps,,,APPROVED,,1,2026-10-01 17:06:48.293885,2026-10-01 17:06:48.334270
72,Direct Quantum Supplier,directvendor_1790874408148@quantum.com,pbkdf2:3ea368f0278f28ea:9e8e8f8b9be2b6411db427e5f6dcba6bfd6c91f5b08016469c417d78ded9a40f,Vendor,+1 800-777-9999,Direct Quantum Corp 1790874408148,External Vendor,IT & Electronics,Laptops & Microelectronics,,,APPROVED,,1,2026-10-01 17:06:48.353704,2026-10-01 17:06:48.353708
73,Portal Vendor Rep,portal_vendor_1790874408148@logistics-link.com,pbkdf2:a0ef68c4eaa325fe:e1fdc84d72d7818521cf8f37a0d8d8d4525295885cdd1702b520cd038c099416,Vendor,+1 800-444-5555,Portal Vendor Rep,Information Technology,Logistics & Transportation,Logistics & Transportation,,,PENDING,,0,2026-10-01 17:06:48.394478,2026-10-01 17:06:48.394482
74,FastSupply Logistics Rep,fastsupply_1790874432445@globalfreight.com,pbkdf2:41148631d0c96dbb:2254ee870fa1b384ef020d05e6cadef9d89bdbe44ef9b1a9a43713a5bf51ddd3,Vendor,+1 800-555-1234,FastSupply Logistics Corp 1790874432445,External Vendor,Logistics & Transportation,Freight & Warehousing,,,APPROVED,,1,2026-10-01 17:07:12.537329,2026-10-01 17:07:12.537334
75,Precision Tech Components,precision_1790874432445@techparts.io,pbkdf2:637cbd959e1a6ea2:55831599bc1efc9b378930f38187e8217a0c99dcb38946716c0ecdf7458ef0fc,Vendor,+1 888-555-4321,Precision Tech Components Ltd 1790874432445,External Vendor,Machinery & Spare Parts,Bearings & Pumps,,,APPROVED,,1,2026-10-01 17:07:12.594476,2026-10-01 17:07:12.631640
76,Direct Quantum Supplier,directvendor_1790874432445@quantum.com,pbkdf2:b2518929f1826d22:676467d6fd541d2a8d5b9414f512a14cfbfdcaabe2bc51985094f989c86cc69c,Vendor,+1 800-777-9999,Direct Quantum Corp 1790874432445,External Vendor,IT & Electronics,Laptops & Microelectronics,,,APPROVED,,1,2026-10-01 17:07:12.653318,2026-10-01 17:07:12.653323
77,Portal Vendor Rep,portal_vendor_1790874432445@logistics-link.com,pbkdf2:57c3d9d1814b3db0:bd78529001c62fbb8e51a76a64b6bc6e01d269473259e892eaf4dbfc09433058,Vendor,+1 800-444-5555,Portal Vendor Rep,Information Technology,Logistics & Transportation,Logistics & Transportation,,,APPROVED,,1,2026-10-01 17:07:12.703152,2026-10-01 17:07:12.743474
78,murali,murali@gmail.com,pbkdf2:ee5b9b5bf8f65fe8:5c7ba70df54e95fa2443c283513b5b9cf04328329663651d36c41f0997635b4d,Vendor,887776655,murali,Information Technology,Office Supplies & Equipment,Office Supplies & Equipment,,,PENDING,,0,2026-10-01 17:13:57.040963,2026-10-01 17:13:57.040973
79,Advanced Optics Rep,optics_1790877752@quantum-sensors.com,pbkdf2:0517f959829990ff:3c3deef83b260fbc77706d901c684f89598ccf1cd0941e007f4b904d2228b6fb,Vendor,+1 (555) 902-1823,Advanced Optics Rep,Information Technology,Office Supplies & Equipment,Office Supplies & Equipment,,,APPROVED,,1,2026-10-01 18:02:32.176492,2026-10-01 18:02:32.234073
