id,vendor_id,total_orders,completed_orders,on_time_deliveries,delayed_deliveries,partial_deliveries,cancelled_orders,delay_frequency,on_time_rate,fulfillment_rate,quality_rating,reliability_score,average_delay_days,updated_at
1,1,17,12,13,0,0,0,0.0,100.0,100.0,4.8,99.2,0.0,2026-10-04 06:05:42.968072
2,2,4,0,0,0,0,0,0.0,0.0,0.0,0.0,0.0,0.0,2026-10-04 06:05:43.023948
3,3,1,1,0,1,0,0,1.0,0.0,100.0,4.7,53.8,2.0,2026-10-04 06:05:43.030398
4,4,1,1,0,1,1,0,1.0,0.0,70.0,4.95,44.3,5.0,2026-10-04 06:05:43.037111
5,5,0,0,0,0,0,0,0.0,0.0,0.0,0.0,0.0,0.0,2026-10-04 06:05:43.042574
6,6,0,0,0,0,0,0,0.0,0.0,0.0,0.0,0.0,0.0,2026-10-04 06:05:43.048802
7,7,0,0,0,0,0,0,0.0,0.0,0.0,0.0,0.0,0.0,2026-10-04 06:05:43.056052
8,8,0,0,0,0,0,0,0.0,0.0,0.0,0.0,0.0,0.0,2026-10-04 06:05:43.065205
9,9,0,0,0,0,0,0,0.0,0.0,0.0,0.0,0.0,0.0,2026-10-04 06:05:43.072980
10,10,0,0,0,0,0,0,0.0,0.0,0.0,0.0,0.0,0.0,2026-10-04 06:05:43.081730
11,11,0,0,0,0,0,0,0.0,0.0,0.0,0.0,0.0,0.0,2026-10-04 06:05:43.088957
12,12,0,0,0,0,0,0,0.0,0.0,0.0,0.0,0.0,0.0,2026-10-04 06:05:43.096328
13,13,0,0,0,0,0,0,0.0,0.0,0.0,0.0,0.0,0.0,2026-10-04 06:05:43.104382
14,14,0,0,0,0,0,0,0.0,0.0,0.0,0.0,0.0,0.0,2026-10-04 06:05:43.109931
15,15,4,3,1,0,0,0,0.0,100.0,100.0,4.0,96.0,0.0,2026-10-04 06:05:43.117549
16,16,75,68,63,6,1,0,0.09,91.3,99.8,4.9,95.6,0.2,2026-10-04 06:05:43.124497
17,17,40,40,34,6,3,0,0.15,85.0,98.5,4.4,90.3,0.5,2026-10-04 06:05:43.132691
18,18,35,35,26,9,5,0,0.26,74.3,97.1,3.7,82.2,0.8,2026-10-04 06:05:43.139236
19,19,0,0,0,0,0,0,0.0,0.0,0.0,0.0,0.0,0.0,2026-10-04 06:05:43.146799
20,20,0,0,0,0,0,0,0.0,0.0,0.0,0.0,0.0,0.0,2026-10-04 06:05:43.156212
21,21,1,1,0,1,0,0,1.0,0.0,100.0,4.8,54.2,1.0,2026-10-04 06:05:43.165685
22,22,0,0,0,0,0,0,0.0,0.0,0.0,0.0,0.0,0.0,2026-10-04 06:05:43.174669
23,23,0,0,0,0,0,0,0.0,0.0,0.0,0.0,0.0,0.0,2026-10-04 06:05:43.183369
24,24,5,5,3,1,0,0,0.25,75.0,100.0,4.0,84.8,0.2,2026-10-04 06:05:43.192020
25,25,0,0,0,0,0,0,0.0,0.0,0.0,0.0,0.0,0.0,2026-10-04 06:05:43.200700
26,26,0,0,0,0,0,0,0.0,0.0,0.0,0.0,0.0,0.0,2026-10-04 06:05:43.208090
27,27,0,0,0,0,0,0,0.0,0.0,0.0,0.0,0.0,0.0,2026-10-04 06:05:43.216959
28,28,0,0,0,0,0,0,0.0,0.0,0.0,0.0,0.0,0.0,2026-10-04 06:05:43.227069
29,29,0,0,0,0,0,0,0.0,0.0,0.0,0.0,0.0,0.0,2026-10-04 06:05:43.235055
30,30,0,0,0,0,0,0,0.0,0.0,0.0,0.0,0.0,0.0,2026-10-04 06:05:43.244492
31,31,0,0,0,0,0,0,0.0,0.0,0.0,0.0,0.0,0.0,2026-10-04 06:05:43.251177
32,32,0,0,0,0,0,0,0.0,0.0,0.0,0.0,0.0,0.0,2026-10-04 06:05:43.257004
33,33,0,0,0,0,0,0,0.0,0.0,0.0,0.0,0.0,0.0,2026-10-04 06:05:43.263337
34,34,0,0,0,0,0,0,0.0,0.0,0.0,0.0,0.0,0.0,2026-10-04 06:05:43.270914
35,35,0,0,0,0,0,0,0.0,0.0,0.0,0.0,0.0,0.0,2026-10-04 06:05:43.276298
36,36,0,0,0,0,0,0,0.0,0.0,0.0,0.0,0.0,0.0,2026-10-04 06:05:43.282866
37,37,0,0,0,0,0,0,0.0,0.0,0.0,0.0,0.0,0.0,2026-10-04 06:05:43.288542
38,38,0,0,0,0,0,0,0.0,0.0,0.0,0.0,0.0,0.0,2026-10-04 06:05:43.294168
39,39,0,0,0,0,0,0,0.0,0.0,0.0,0.0,0.0,0.0,2026-10-04 06:05:43.302152
40,40,0,0,0,0,0,0,0.0,0.0,0.0,0.0,0.0,0.0,2026-10-04 06:05:43.327520
41,41,0,0,0,0,0,0,0.0,0.0,0.0,0.0,0.0,0.0,2026-10-04 06:05:43.341017
42,42,0,0,0,0,0,0,0.0,0.0,0.0,0.0,0.0,0.0,2026-10-04 06:05:43.352130
43,43,0,0,0,0,0,0,0.0,0.0,0.0,0.0,0.0,0.0,2026-10-04 06:05:43.361023
44,44,0,0,0,0,0,0,0.0,0.0,0.0,0.0,0.0,0.0,2026-10-04 06:05:43.371009
45,45,0,0,0,0,0,0,0.0,0.0,0.0,0.0,0.0,0.0,2026-10-04 06:05:43.379997
46,46,0,0,0,0,0,0,0.0,0.0,0.0,0.0,0.0,0.0,2026-10-04 06:05:43.390639
47,47,0,0,0,0,0,0,0.0,0.0,0.0,0.0,0.0,0.0,2026-10-04 06:05:43.402042
48,48,0,0,0,0,0,0,0.0,0.0,0.0,0.0,0.0,0.0,2026-10-04 06:05:43.411589
49,49,0,0,0,0,0,0,0.0,0.0,0.0,0.0,0.0,0.0,2026-10-04 06:05:43.420309
50,50,0,0,0,0,0,0,0.0,0.0,0.0,0.0,0.0,0.0,2026-10-04 06:05:43.429609
51,51,0,0,0,0,0,0,0.0,0.0,0.0,0.0,0.0,0.0,2026-10-04 06:05:43.437768
52,52,0,0,0,0,0,0,0.0,0.0,0.0,0.0,0.0,0.0,2026-10-04 06:05:43.447398
53,53,0,0,0,0,0,0,0.0,0.0,0.0,0.0,0.0,0.0,2026-10-04 06:05:43.457217
54,54,0,0,0,0,0,0,0.0,0.0,0.0,0.0,0.0,0.0,2026-10-04 06:05:43.465371
55,55,0,0,0,0,0,0,0.0,0.0,0.0,0.0,0.0,0.0,2026-10-04 06:05:43.472322
56,56,0,0,0,0,0,0,0.0,0.0,0.0,0.0,0.0,0.0,2026-10-04 06:05:43.485276
57,57,0,0,0,0,0,0,0.0,0.0,0.0,0.0,0.0,0.0,2026-10-04 06:05:43.510276
58,58,0,0,0,0,0,0,0.0,0.0,0.0,0.0,0.0,0.0,2026-10-04 06:05:43.521119
59,59,0,0,0,0,0,0,0.0,0.0,0.0,0.0,0.0,0.0,2026-10-04 06:05:43.530019
60,60,0,0,0,0,0,0,0.0,0.0,0.0,0.0,0.0,0.0,2026-10-04 06:05:43.539182
61,61,0,0,0,0,0,0,0.0,0.0,0.0,0.0,0.0,0.0,2026-10-04 06:05:43.548868
62,62,0,0,0,0,0,0,0.0,0.0,0.0,0.0,0.0,0.0,2026-10-04 06:05:43.560385
63,63,0,0,0,0,0,0,0.0,0.0,0.0,0.0,0.0,0.0,2026-10-04 06:05:43.573538
64,64,0,0,0,0,0,0,0.0,0.0,0.0,0.0,0.0,0.0,2026-10-04 06:05:43.584296
65,65,0,0,0,0,0,0,0.0,0.0,0.0,0.0,0.0,0.0,2026-10-04 06:05:43.595173
66,66,0,0,0,0,0,0,0.0,0.0,0.0,0.0,0.0,0.0,2026-10-04 06:05:43.605834
67,67,0,0,0,0,0,0,0.0,0.0,0.0,0.0,0.0,0.0,2026-10-04 06:05:43.615481
68,68,0,0,0,0,0,0,0.0,0.0,0.0,0.0,0.0,0.0,2026-10-04 06:05:43.625365
69,69,0,0,0,0,0,0,0.0,0.0,0.0,0.0,0.0,0.0,2026-10-04 06:05:43.634943
