id,requisition_id,vendor_id,selected_by_id,quotation_amount,justification,status,rejection_reason,created_at,blockchain_status,blockchain_tx_hash,blockchain_confirmed_at
1,2,1,2,39500.0,"Acme offers ISO-certified Grade-8 fasteners with 94.5% on-time delivery track record and $2,500 budget savings.",Awaiting Financial Approval,,2026-09-21 17:45:37.963655,PENDING,,
2,3,2,2,26500.0,Apex Semi is the verified OEM with compliant lead times.,Approved,,2026-09-21 17:45:37.970994,PENDING,,
3,5,1,2,11500.0,"Selected based on 99.2% reliability score, competitive quotation, and certified quality standard.",Awaiting Financial Approval,,2026-09-21 17:54:15.351666,PENDING,,
4,6,1,2,11500.0,"Selected based on 99.2% reliability score, competitive quotation, and certified quality standard.",Awaiting Financial Approval,,2026-09-21 17:54:32.194261,PENDING,,
5,7,1,2,11500.0,"Selected based on 99.2% reliability score, competitive quotation, and certified quality standard.",Approved,,2026-09-21 17:54:57.913841,PENDING,,
6,8,1,2,11500.0,"Selected based on 99.2% reliability score, competitive quotation, and certified quality standard.",Approved,,2026-09-21 17:55:45.753419,PENDING,,
7,9,1,2,11500.0,"Selected based on 99.2% reliability score, competitive quotation, and certified quality standard.",Approved,,2026-09-21 17:56:17.248601,PENDING,,
8,10,1,2,11500.0,"Selected based on 99.2% reliability score, competitive quotation, and certified quality standard.",Approved,,2026-09-21 17:57:04.051556,PENDING,,
9,11,1,2,11500.0,"Selected based on 99.2% reliability score, competitive quotation, and certified quality standard.",Approved,,2026-09-21 18:05:36.631503,PENDING,,
10,12,1,2,11500.0,"Selected based on 99.2% reliability score, competitive quotation, and certified quality standard.",Approved,,2026-09-21 18:06:45.374569,PENDING,,
11,15,16,2,2450000.0,"Selected ABC Technologies based on 94/100 reliability score, 96% on-time delivery rate, and OEM certified warranty.",Awaiting Financial Approval,,2026-09-22 12:14:44.798227,PENDING,,
12,19,16,2,2450000.0,"ABC Technologies selected based on highest reliability score (97.6/100), 95.8% on-time delivery rate, and certified OEM warranty standard.",Awaiting Financial Approval,,2026-09-22 12:16:05.187702,PENDING,,
13,20,16,2,2450000.0,"ABC Technologies selected based on highest reliability score (97.6/100), 95.8% on-time delivery rate, and certified OEM warranty standard.",Awaiting Financial Approval,,2026-09-22 12:16:20.705527,PENDING,,
14,21,16,2,2450000.0,"ABC Technologies selected based on highest reliability score (97.6/100), 95.8% on-time delivery rate, and certified OEM warranty standard.",Awaiting Financial Approval,,2026-09-22 12:30:15.006048,PENDING,,
15,22,16,2,2450000.0,"ABC Technologies selected based on highest reliability score (97.6/100), 95.8% on-time delivery rate, and certified OEM warranty standard.",Awaiting Financial Approval,,2026-09-22 13:40:17.342184,PENDING,,
16,24,16,2,2450000.0,"ABC Technologies selected based on highest reliability score (97.6/100), 95.8% on-time delivery rate, and certified OEM warranty standard.",Awaiting Financial Approval,,2026-09-22 13:57:49.393088,PENDING,,
17,25,24,2,2400000.0,Verified IT vendor with competitive pricing and verified stock.,Approved,,2026-09-22 13:58:03.489870,PENDING,,
18,26,24,2,2450000.0,Selected yashwanth for 50 laptops in IT & Electronics category.,Approved,,2026-09-22 13:58:44.685305,PENDING,,
19,27,16,2,2450000.0,"ABC Technologies selected based on highest reliability score (97.6/100), 95.8% on-time delivery rate, and certified OEM warranty standard.",Awaiting Financial Approval,,2026-09-22 13:59:17.215586,PENDING,,
20,23,24,2,2500000.0,"Selected yashwanth (yashwanth) based on verified category match 'IT & Electronics', Reliability Score 89.25/100, On-Time Delivery Rate 85%, and Medium operational risk rating for requirement PR-2026-0023.",Approved,,2026-09-22 13:59:23.048063,PENDING,,
21,28,1,2,145000.0,Best reliability score in category,Awaiting Financial Approval,,2026-09-22 16:05:21.432557,PENDING,,
22,29,1,2,145000.0,Best reliability score in category,Awaiting Financial Approval,,2026-09-22 16:06:10.360852,PENDING,,
23,30,1,2,145000.0,Best reliability score in category,Awaiting Financial Approval,,2026-09-22 16:06:31.110805,PENDING,,
24,31,16,2,2450000.0,"ABC Technologies selected based on highest reliability score (97.6/100), 95.8% on-time delivery rate, and certified OEM warranty standard.",Awaiting Financial Approval,,2026-09-22 16:06:45.253748,PENDING,,
25,13,15,2,15000.0,"Selected Manikanta (Manikanta) based on verified category match 'Services & Maintenance', Reliability Score 89.25/100, On-Time Delivery Rate 85%, and Medium operational risk rating for requirement PR-2026-0013.",Approved,,2026-09-22 16:06:51.913745,PENDING,,
26,18,24,2,2500000.0,"Selected yashwanth (yashwanth) based on verified category match 'IT & Electronics', Reliability Score 96/100, On-Time Delivery Rate 100%, and Low operational risk rating for requirement PR-2026-0018.",Approved,,2026-09-22 17:33:39.908477,PENDING,,
27,32,15,2,2500.0,"Selected Manikanta (Manikanta) based on verified category match 'Services & Maintenance', Reliability Score 89.25/100, On-Time Delivery Rate 85%, and Medium operational risk rating for requirement PR-2026-0032.",Approved,,2026-09-22 18:04:51.281433,PENDING,,
28,33,24,2,49977.0,"Selected yashwanth (yashwanth) based on verified category match 'IT & Electronics', Reliability Score 96/100, On-Time Delivery Rate 100%, and Low operational risk rating for requirement PR-2026-0033.",Approved,,2026-09-22 18:17:04.470179,PENDING,,
29,34,16,2,2450000.0,"ABC Technologies selected based on highest reliability score (97.6/100), 95.8% on-time delivery rate, and certified OEM warranty standard.",Awaiting Financial Approval,,2026-09-23 12:00:39.286935,PENDING,,
30,35,1,2,145000.0,Best reliability score in category,Awaiting Financial Approval,,2026-09-23 12:00:52.017273,PENDING,,
31,36,16,2,2450000.0,"ABC Technologies selected based on highest reliability score (97.6/100), 95.8% on-time delivery rate, and certified OEM warranty standard.",Approved,,2026-09-23 12:24:20.786453,CONFIRMED,68b7b91a8ecb20775e285f11a786b21125fdbef23931ad958d5fd483b2cdc199,2026-09-23 12:24:20.795103
32,38,1,2,145000.0,Best reliability score in category,Awaiting Financial Approval,,2026-09-23 12:24:42.759780,PENDING,,
33,37,15,2,2500.0,"Selected Manikanta (Manikanta) based on verified category match 'Services & Maintenance', Reliability Score 89.2/100, On-Time Delivery Rate 85%, and Medium operational risk rating for requirement PR-2026-0037.",Approved,,2026-09-23 12:25:00.123463,CONFIRMED,bdce090955ae2f0d0194537f5a591e6c85e32685c70943daa685fd81afc72b19,2026-09-23 12:25:00.140463
34,39,16,2,48500.0,Competitive quotation from verified vendor ABC Technologies.,Approved,,2026-09-23 13:04:33.755886,CONFIRMED,b3cd09ab96c1bf9f294b1dabca2b71c50d180a204dfa4ed15136530e7b9245bb,2026-09-23 13:04:33.764098
35,40,24,2,25000.0,"Selected yashwanth (yashwanth) based on verified category match 'IT & Electronics', Reliability Score 81/100, On-Time Delivery Rate 66.7%, and High operational risk rating for requirement PR-2026-0040.",Approved,,2026-09-23 13:09:29.471574,CONFIRMED,716f91c86d82087dce8ff129f0b00050433dac35ccbb6889e6084162dae6ef82,2026-09-23 13:09:29.482402
36,41,24,2,25000.0,"Selected yashwanth (yashwanth) based on verified category match 'IT & Electronics', Reliability Score 84.8/100, On-Time Delivery Rate 75%, and High operational risk rating for requirement PR-2026-0041.",Approved,,2026-09-25 12:26:40.491392,CONFIRMED,d31d02906d0501457f158691e11f522eaec5f15d63cc78607fbf27ae9f945a37,2026-09-25 12:26:40.503421
37,42,15,2,2500.0,"Selected Manikanta (Manikanta) based on verified category match 'Services & Maintenance', Reliability Score 96/100, On-Time Delivery Rate 100%, and Low operational risk rating for requirement PR-2026-0042.",Approved,,2026-09-26 14:37:44.457365,CONFIRMED,b4a0719eac69a8382ed994c79d13f24cc006a92cd1f8bffd8f1c88164c216c64,2026-09-26 14:37:44.473724
38,43,16,2,48500.0,Competitive quotation from verified vendor ABC Technologies.,Approved,,2026-09-27 05:04:55.629675,CONFIRMED,bc65108896cb6c5681c96f6a4101aac3a9e04d18f60c2a1ccdeb25d234832cb6,2026-09-27 05:04:55.634542
39,44,21,2,2500.0,"Selected Apex Facility & IT Maintenance (Apex Enterprise Services Ltd) based on verified category match 'Services & Maintenance', Reliability Score 96.5/100, On-Time Delivery Rate 94%, and Low operational risk rating for requirement PR-2026-0044.",Approved,,2026-09-27 12:43:31.045797,CONFIRMED,8ef4f3c10d8c7a4dbe9351d4c5c28f24f942608227d242e121e00bc74cc7d3ae,2026-09-27 12:43:31.117605
40,45,1,2,145000.0,Best reliability score in category,Awaiting Financial Approval,,2026-09-27 13:01:10.980624,PENDING,,
41,1,2,2,15400.0,test,Awaiting Financial Approval,,2026-09-27 13:06:41.733068,CONFIRMED,a543f6386243f8cb48ecd87654c261d9d4f92e5c06f229b62f36c5727e73e0e5,2026-09-27 13:06:41.759862
42,48,2,2,15400.0,Apex Semiconductor complies with enterprise storage hardware specifications.,Approved,,2026-09-27 13:09:01.950646,CONFIRMED,a6c30d517f2b68bc491031d0c5483732cd269c70b06a8beb79b0563a8c8584d5,2026-09-27 13:09:01.959008
43,49,1,2,145000.0,Best reliability score in category,Awaiting Financial Approval,,2026-09-27 13:09:25.417744,PENDING,,
44,50,16,2,48500.0,Competitive quotation from verified vendor ABC Technologies.,Approved,,2026-09-27 13:09:35.847218,CONFIRMED,6ef715e116146f5bfa63155455d7188434b73b84b1001c3fbbb1c0654c35c430,2026-09-27 13:09:35.857036
45,51,16,2,48500.0,Competitive quotation from verified vendor ABC Technologies.,Approved,,2026-09-27 13:12:01.453549,CONFIRMED,f36c69a56bb26fda743bbd8034edec77e5edf4ec96751261da3558af8b30d8a0,2026-09-27 13:12:01.462908
46,52,16,2,2450000.0,"ABC Technologies selected based on highest reliability score (97.6/100), 95.8% on-time delivery rate, and certified OEM warranty standard.",Approved,,2026-09-27 13:12:15.704648,CONFIRMED,7f54257dbfbea8f7b7a8deaf22cc6e6e44d409054b731ca49d1819fff50a9edd,2026-09-27 13:12:15.713544
47,53,2,2,15400.0,Apex Semiconductor complies with enterprise storage hardware specifications.,Approved,,2026-09-27 13:22:31.268453,CONFIRMED,925ccf8e25f721297f508eae4bcd3b61921b484c50d4ffe383bc834f4ac623c6,2026-09-27 13:22:31.277248
48,54,16,2,48500.0,Competitive quotation from verified vendor ABC Technologies.,Approved,,2026-09-27 13:22:41.126553,CONFIRMED,3ee57ebe66789e9c91b3c9c08963149c56d6abaa927bf4918f20988b9e21d708,2026-09-27 13:22:41.135128
49,56,16,2,48500.0,Competitive quotation from verified vendor ABC Technologies.,Approved,,2026-09-27 14:18:11.531425,CONFIRMED,2d51d3260094d1c270c01d0776d9d55b6e0fead4557b457d9481911898b13453,2026-09-27 14:18:11.540783
50,57,16,2,48500.0,Competitive quotation from verified vendor ABC Technologies.,Approved,,2026-09-27 14:19:57.256521,CONFIRMED,6e6bd450d16dc894867bc0d21a0187bee719e9b37e9aece27b0e007cf87efa2a,2026-09-27 14:19:57.265047
51,58,16,2,48500.0,Competitive quotation from verified vendor ABC Technologies.,Approved,,2026-09-28 11:40:32.487581,CONFIRMED,7524bd43d57665696bf986a27ea01775bb15b1b782da61425e8e8eaffcfb2a2e,2026-09-28 11:40:32.500184
52,59,2,2,15400.0,Apex Semiconductor complies with enterprise storage hardware specifications.,Approved,,2026-09-28 11:45:31.941821,CONFIRMED,8e62ab32fb307ce988c0f551188b518f78fc584bcb5fe4bf4b8818554afd4c4c,2026-09-28 11:45:31.953665
53,60,16,2,48500.0,Competitive quotation from verified vendor ABC Technologies.,Approved,,2026-09-28 11:47:08.438964,CONFIRMED,9f3a1b29be6cb4f7ac0496c754b16f286b8d5809ba3dbb16ca9f0464fd815525,2026-09-28 11:47:08.451378
54,61,16,2,48500.0,Competitive quotation from verified vendor ABC Technologies.,Approved,,2026-09-28 11:51:28.025125,CONFIRMED,2828d1a88878cc7e3cd34886a11d85eea4503e41dcd680e7465d8637bcd875c0,2026-09-28 11:51:28.036772
55,62,16,2,2500000.0,"Selected ABC Technologies (ABC Technologies Inc) based on verified category match 'IT & Electronics', Reliability Score 97.8/100, On-Time Delivery Rate 96.3%, and Low operational risk rating for requirement PR-2026-0062.",Approved,,2026-09-28 13:11:35.372755,CONFIRMED,79d24054034fe7ef88953f5eec5623614e4b5e1383c961fb61f8f2e6e34b52f0,2026-09-28 13:11:35.386227
56,63,16,2,48500.0,Competitive quotation from verified vendor ABC Technologies.,Approved,,2026-09-29 11:42:55.378798,CONFIRMED,52f195cc93a26274d4f5f0a8227007826088e620d528a86c3a68ed634bee0ee9,2026-09-29 11:42:55.384322
57,64,16,2,48500.0,Competitive quotation from verified vendor ABC Technologies.,Approved,,2026-09-29 12:30:42.530320,CONFIRMED,a1dff74f9fbaa144841edb7e57c0ef328905a76dad048b1d09184607c1325c43,2026-09-29 12:30:42.539345
58,65,16,2,48500.0,Competitive quotation from verified vendor ABC Technologies.,Approved,,2026-09-29 13:02:51.288106,CONFIRMED,6ef5203d974fce58c71d7b2762ad6fa2cd7daec4826db6c65c9d387737e44438,2026-09-29 13:02:51.303239
59,66,16,2,48500.0,Competitive quotation from verified vendor ABC Technologies.,Approved,,2026-09-29 13:53:46.513381,CONFIRMED,059229f94f39719dc9645abf21262ae8617289341d5802c1328eb5a3d076bebf,2026-09-29 13:53:46.522754
60,67,16,2,24977.0,"Selected ABC Technologies (ABC Technologies Inc) based on verified category match 'IT & Electronics', Reliability Score 97.9/100, On-Time Delivery Rate 96.6%, and Low operational risk rating for requirement PR-2026-0067.",Approved,,2026-09-29 14:10:56.120498,CONFIRMED,0455eb0ca9b890383f424d4775f71785507bb511a06e19130e4107bbb3437bc1,2026-09-29 14:10:56.140039
61,68,16,2,48500.0,Competitive quotation from verified vendor ABC Technologies.,Approved,,2026-09-29 14:19:51.305929,CONFIRMED,f38adf0b5cdeded10f15036303cc73a660b1d4e6c0fcc16ad58ce86b795759d8,2026-09-29 14:19:51.315069
62,69,16,2,48500.0,Competitive quotation from verified vendor ABC Technologies.,Approved,,2026-09-29 14:33:22.064158,CONFIRMED,fa5c3db8f04a1af02070e603e539d12ba8ac60360fa317e5bad86e7a43d2be4f,2026-09-29 14:33:22.073995
63,70,16,2,250.0,"Selected ABC Technologies (ABC Technologies Inc) based on verified category match 'IT & Electronics', Reliability Score 98/100, On-Time Delivery Rate 96.7%, and Low operational risk rating for requirement PR-2026-0070.",Approved,,2026-10-01 14:19:26.214857,CONFIRMED,f3c9454c98c8a67772a9248fe5ca5d588be06108927381c4271edb51aff4a381,2026-10-01 14:19:26.226932
64,71,16,2,48500.0,Competitive quotation from verified vendor ABC Technologies.,Approved,,2026-10-01 16:55:02.189603,CONFIRMED,356da1654d350007de36956d5c61484a31c0d592bc637986c2db81aa11af5595,2026-10-01 16:55:02.199548
65,73,1,2,11500.0,"Selected based on 99.2% reliability score, competitive quotation, and certified quality standard.",Approved,,2026-10-01 17:00:14.951369,CONFIRMED,bb11a220cb5fc567efafd7e450abbe72524268ba926219c396b13c979fafb53c,2026-10-01 17:00:14.963587
66,74,1,2,145000.0,Best reliability score in category,Awaiting Financial Approval,,2026-10-01 17:01:58.373539,PENDING,,
67,75,16,2,2450000.0,"ABC Technologies selected based on highest reliability score (97.6/100), 95.8% on-time delivery rate, and certified OEM warranty standard.",Awaiting Financial Approval,,2026-10-01 17:02:09.648365,CONFIRMED,77f1f866838a542ce3f6e70123b33331a38c584eb5383b9320a182b9c62841c3,2026-10-01 17:02:09.689638
68,77,16,2,15400.0,ABC Technologies complies with enterprise IT hardware specifications.,Approved,,2026-10-01 17:04:14.867195,CONFIRMED,741aa623ef54b7923814964e0e2581e4b718c184da91d40f1b35810c743926f1,2026-10-01 17:04:14.875341
69,78,16,2,15400.0,ABC Technologies complies with enterprise IT hardware specifications.,Approved,,2026-10-01 17:04:31.263401,CONFIRMED,8fe29a07215c687ba5a7b8fef7f76f53435c709f5be225fe47f94dd7745c29a7,2026-10-01 17:04:31.271910
70,76,16,2,16000.0,"Selected ABC Technologies (ABC Technologies Inc) based on verified category match 'IT & Electronics', Reliability Score 96.7/100, On-Time Delivery Rate 93.8%, and Medium operational risk rating for requirement PR-2026-0076.",Approved,,2026-10-01 17:17:47.675211,CONFIRMED,9da1aec4f4cb7b35e7ca12c1039e01bf65cecbac6f3124fd67be287b7aea5304,2026-10-01 17:17:47.684957
71,81,16,2,48500.0,Competitive quotation from verified vendor ABC Technologies.,Approved,,2026-10-01 17:49:36.807752,CONFIRMED,878ffa7eedfe54e08424d0c93a7d806bd865419980590e190b2edd67352fb27b,2026-10-01 17:49:36.815886
72,82,16,2,48500.0,Competitive quotation from verified vendor ABC Technologies.,Approved,,2026-10-01 17:58:32.561495,CONFIRMED,c0a235b2e181f911701be7c8cccae0af8450a07f0e1d7d154d6f5f004fdf222c,2026-10-01 17:58:32.586430
73,83,16,2,2450000.0,"ABC Technologies selected based on highest reliability score (97.6/100), 95.8% on-time delivery rate, and certified OEM warranty standard.",Awaiting Financial Approval,,2026-10-01 17:58:47.468267,CONFIRMED,874865669b5828eb6e59622ff407172c1ddc1e338a04d1099ce83e751ab3c30f,2026-10-01 17:58:47.478100
74,87,16,2,48500.0,Competitive quotation from verified vendor ABC Technologies.,Approved,,2026-10-01 18:02:25.580532,CONFIRMED,ba8b935e86f2d9918dc824b51797d1b5dcf2df481c52d240dd464fd2f7ebe1c7,2026-10-01 18:02:25.591549
75,88,1,2,11500.0,"Selected based on 99.2% reliability score, competitive quotation, and certified quality standard.",Approved,,2026-10-01 18:02:32.336343,CONFIRMED,581953f993e03e3318c350dd43fc0ed1c8d5c7c63ed9baaf908d3072d9324dd3,2026-10-01 18:02:32.348195
76,89,16,2,250000.0,"Selected ABC Technologies (ABC Technologies Inc) based on verified category match 'IT & Electronics', Reliability Score 95.6/100, On-Time Delivery Rate 91.3%, and Medium operational risk rating for requirement PR-2026-0089.",Approved,,2026-10-03 17:33:35.610853,CONFIRMED,b2510285405aae267f2ce858dffcd18dbf3f528de551dbfefa794620cca3ba01,2026-10-03 17:33:35.669984
