id,user_id,name,company,email,phone,address,website,product,category,status,deliveryRate,quality_rating,response_time_hours,risk_level,business_reg_number,gst_tax_id,bank_details,notes,reviewed_by_id,review_notes,reviewed_at,created_at,updated_at
1,5,David Chen,Apex Industrial Materials Corp.,david.chen@apexmaterials.com,+1 (555) 456-7890,"450 Industrial Parkway, Chicago, IL 60601",https://apexmaterials.com,"Industrial Metals, Polymers & Composites",Raw Material Suppliers,Approved,100.0,4.8,3.5,Low,VID-001,US-EIN-94-2839034,JPMorgan Chase / Routing: 021000021 / AC: 889102849,Strategic vendor for heavy industrial metallurgy.,,,,2026-09-21 17:45:37.926675,2026-09-29 11:39:38.308418
2,31,Abijin,Apex Microwave,abijin@apexmicrowave.com,+1 (555) 345-6789,"1200 Silicon Avenue, San Jose, CA 95134",https://apexmicrowave.com,Microwave Transceivers & RF Equipment,Equipment Vendors,Approved,0.0,4.9,2.1,Low,VID-002,US-EIN-54-8798273,Silicon Valley Bank / Routing: 121140399 / AC: 449102911,Certified ISO-9001 high-frequency RF equipment supplier.,,,,2026-09-21 17:45:37.938835,2026-10-04 05:24:06.910905
3,32,Rithesh,Maxwell,rithesh@maxwellsys.com,+1 (555) 234-5678,"88 Automation Way, Austin, TX 78701",https://maxwellsys.com,Precision Laboratory & Test Equipment,Equipment Vendors,Approved,0.0,4.7,4.0,High,VID-003,US-EIN-23-1A545672,Wells Fargo / Routing: 121000248 / AC: 110293847,Key supplier for precision measurement instrumentation.,,,,2026-09-21 17:45:37.942609,2026-09-29 11:39:38.318372
4,28,Vikram Patel,Direct Quantum Technologies,vikram@quantumtech.io,+1 (555) 567-8901,"200 Innovation Blvd, Seattle, WA 98101",https://quantumtech.io,Enterprise Cloud Servers & Computing Clusters,IT Vendors,Approved,0.0,4.95,1.5,High,VID-004,US-EIN-77-3829102,KeyBank / Routing: 041001039 / AC: 339182048,Enterprise IT hardware and high-performance clusters.,,,,2026-09-21 17:45:37.946469,2026-09-29 11:39:38.322347
5,7,Elena Silva,FastSupply Logistics Corp,elena@fastsupply.com,+1 (555) 678-9012,"15 Logistics Park, Newark, NJ 07102",https://fastsupply.com,Multimodal Freight & Express Warehousing,Logistics Partners,Approved,0.0,4.5,5.0,Low,VID-005,US-EIN-12-9048211,,"Global air, sea and bonded freight services.",,,,2026-09-21 17:45:50.909721,2026-10-04 05:24:06.932844
6,8,Rahul Kumar,Precision Tech Components,rahul@precisiontech.com,+1 (555) 789-0123,"77 Assembly Road, Detroit, MI 48201",https://precisiontech.com,Precision CNC Bearings & Hydraulic Pumps,Equipment Vendors,Approved,0.0,4.85,3.0,Low,VID-006,US-EIN-88-4392019,,Aerospace-grade tolerance manufacturing and spare parts.,,,,2026-09-21 17:53:46.775025,2026-10-04 05:24:06.943104
7,9,Sarah Connors,Omega Service Providers,sarah.c@omegaservices.com,+1 (555) 890-1234,"310 Enterprise Center, Boston, MA 02110",https://omegaservices.com,Facility Management & Infrastructure Consulting,Service Providers,Approved,0.0,4.6,4.2,Low,VID-007,US-EIN-65-1928374,,Turnkey onsite engineering support and workplace operations.,,,,2026-09-21 17:54:15.154884,2026-10-04 05:24:06.950110
8,10,Michael Vance,Global Maintenance Fleet,michael.v@globalfleet.com,+1 (555) 901-2345,"520 Fleet Terminal, Atlanta, GA 30303",https://globalfleet.com,Heavy Fleet Diagnostics & Scheduled Maintenance,Maintenance Vendors,Approved,0.0,4.3,6.0,Low,VID-008,US-EIN-43-8271635,,Preventative maintenance contractor for diesel fleets.,,,,2026-09-21 17:54:32.046301,2026-10-04 05:24:06.961876
9,11,Arjun Nair,Titan Raw Materials,arjun@titanraw.com,+1 (555) 012-3456,"890 Quarry Drive, Pittsburgh, PA 15201",https://titanraw.com,"Raw Ore, Aggregates & Foundry Alloys",Raw Material Suppliers,Pending,0.0,4.1,12.0,Low,VID-009,US-EIN-31-7482910,,Application pending audit of supply chain sustainability compliance.,,,,2026-09-21 17:54:57.764425,2026-10-04 05:24:06.970573
10,12,Marcus Shaw,LogiLink Global Partners,marcus@logilink.com,+1 (555) 123-4567,"400 Port Terminal, Long Beach, CA 90802",https://logilink.com,Intermodal Container Shipping & Cold-Chain,Logistics Partners,Approved,0.0,4.75,2.8,Low,VID-010,US-EIN-59-2819304,,Equipped with real-time GPS telemetry for refrigerated freight.,,,,2026-09-21 17:55:45.608551,2026-10-04 05:24:06.978193
11,13,Advanced Optics Rep,Quantum Optics Labs,optics_1790013377@quantum-sensors.com,+1 800-555-0199,,,High-Precision Spectral Sensors,Equipment Vendors,Approved,0.0,4.0,24.0,Low,CIN-772019-OPT,GSTIN-19AAACQ9876E1Z2,,Self-registered vendor under 'Equipment Vendors'. Awaiting Admin verification.,,,,2026-09-21 17:56:17.081478,2026-10-04 05:24:06.985896
12,14,Advanced Optics Rep,Quantum Optics Labs,optics_1790013423@quantum-sensors.com,+1 800-555-0199,,,High-Precision Spectral Sensors,Equipment Vendors,Approved,0.0,4.0,24.0,Low,CIN-772019-OPT,GSTIN-19AAACQ9876E1Z2,,Self-registered vendor under 'Equipment Vendors'. Awaiting Admin verification.,,,,2026-09-21 17:57:03.895268,2026-10-04 05:24:06.992159
13,15,Advanced Optics Rep,Advanced Optics Rep,optics_1790013936@quantum-sensors.com,+1 (555) 902-1823,,,Equipment Vendors,Equipment Vendors,Approved,0.0,4.0,24.0,Low,,,,Self-registered vendor under 'Equipment Vendors'. Awaiting Admin verification.,,,,2026-09-21 18:05:36.477095,2026-10-04 05:24:06.998584
14,16,Advanced Optics Rep,Advanced Optics Rep,optics_1790014005@quantum-sensors.com,+1 (555) 902-1823,,,Equipment Vendors,Equipment Vendors,Approved,0.0,4.0,24.0,Low,,,,Self-registered vendor under 'Equipment Vendors'. Awaiting Admin verification.,,,,2026-09-21 18:06:45.239770,2026-10-04 05:24:07.005587
15,17,Manikanta,Manikanta,manikanta@gmail.com,6304483075,,,Service Providers,Service Providers,Approved,100.0,4.0,24.0,Low,,,,Self-registered vendor under 'Service Providers'. Awaiting Admin verification.,,,,2026-09-22 11:26:38.242704,2026-09-23 12:28:33.042416
16,21,ABC Technologies,ABC Technologies Inc,enterprise@abctechnologies.com,+91 80 4123 4567,"45 Tech Park Boulevard, Silicon Corridor, Bengaluru",https://abctechnologies.com,"Laptop, Desktop, Monitor, Printer",IT & Electronics,Approved,91.3,4.9,6.0,Medium,CIN-U72200KA2015PTC082910,29AABCA1234C1Z5,HDFC Corporate Bank / AC: 502000881920 / IFSC: HDFC0000123,Verified OEM distributor with 96% on-time rate and ISO 9001 certified delivery network.,,,,2026-09-22 12:12:01.878340,2026-10-01 18:02:26.010958
17,22,Digital Systems Inc,Digital Systems Solutions Ltd,procure@digitalsystems.io,+91 22 2847 1199,"Plot 12, SEZ Cybercity, Navi Mumbai",https://digitalsystems.io,"Laptop, Desktop, Networking Equipment",IT & Electronics,Approved,85.0,4.4,18.0,Medium,CIN-U72900MH2017PLC094182,27AABCD9910D1Z2,ICICI Bank / AC: 000405012389 / IFSC: ICIC0000004,Regional IT hardware supplier. Moderate lead-time variance on high-volume laptop orders.,,,,2026-09-22 12:12:01.898985,2026-09-27 13:04:41.268012
18,23,Computer World Tech,Computer World Hardware LLP,sales@computerworld.com,+91 11 4910 8822,"88 Nehru Place Commercial Complex, New Delhi",https://computerworld.com,"Laptop, Desktop, Computer Peripherals",IT & Electronics,Approved,74.3,3.7,36.0,High,LLPIN-AAB-9921,07AAACW8819A1Z9,State Bank of India / AC: 31009928174 / IFSC: SBIN0001234,Subject to frequent delivery delays and partial consignments due to overseas component backlog.,,,,2026-09-22 12:12:01.907288,2026-09-27 13:04:41.280771
19,24,TechDistro Global,TechDistro Trading FZ,support@techdistro.com,+91 44 2819 0011,"300 Industrial Ring Road, Chennai",https://techdistro.com,"Laptop, Tablets, Accessories",IT & Electronics,Suspended,0.0,2.8,24.0,Low,CIN-U74999TN2018PTC120491,33AAACT7729B1Z4,,Suspended pending quality audit investigation.,,,,2026-09-22 12:12:01.913772,2026-10-04 05:24:07.042422
20,25,Sri Industrial Materials,Sri Industrial & Alloys Pvt Ltd,supply@srimaterials.com,+91 40 2300 8844,"Balanagar Industrial Area, Hyderabad",https://srimaterials.com,"Steel, Cement, Copper",Raw Materials,Approved,0.0,4.7,12.0,Low,CIN-U27100TG2014PTC091823,36AAACS4412E1Z8,Axis Bank / AC: 914020038819204 / IFSC: UTIB0000123,Tier-1 metallurgical and raw material supplier with extensive supply depots.,,,,2026-09-22 12:12:01.921404,2026-10-04 05:24:07.051949
21,27,Apex Facility & IT Maintenance,Apex Enterprise Services Ltd,services@apexmaintenance.com,+91 80 6710 4400,"Whitefield IT Highway, Bengaluru",https://apexmaintenance.com,"Equipment Maintenance, Facility Maintenance, IT Support, Repair Services",Services & Maintenance,Approved,0.0,4.8,24.0,High,CIN-U74140KA2016PLC098231,29AAACA9928F1Z3,,Certified engineering and plant facilities maintenance team.,,,,2026-09-22 12:12:01.928414,2026-09-27 13:15:13.088055
22,29,FastMove Logistics Freight,FastMove Intermodal Logistics,dispatch@fastmovelogistics.com,+91 124 4920 100,"Cyber City Logistic Hub, Gurugram",https://fastmovelogistics.com,"Truck Transportation, Freight, Warehousing, Delivery Services",Logistics & Transportation,Approved,0.0,4.0,24.0,Low,CIN-U60200HR2015PTC078912,06AAACF1102H1Z1,,Multimodal freight carrier.,,,,2026-09-22 12:12:01.934947,2026-10-04 05:24:07.064327
23,30,Metro Office Solutions,Metro Office Furnishings & Supplies,sales@metro-office.com,+91 40 4499 1234,"Hitec City Phase 2, Hyderabad",https://metro-office.com,"Chairs, Tables, Stationery, Office Equipment",Office Supplies & Equipment,Approved,0.0,4.6,24.0,Low,CIN-U36100TG2017PTC099412,36AAACM8839J1Z7,,Corporate ergonomic workstations and office solutions.,,,,2026-09-22 12:12:01.940443,2026-10-04 05:24:07.071603
24,18,yashwanth,yashwanth,yashwanth@gmail.com,7892456678,,,"Laptop, Desktop, Monitor, IT & Electronics",IT & Electronics,Approved,75.0,4.0,24.0,High,,,,Self-registered vendor under 'IT & Electronics'. Awaiting Admin verification.,,,,2026-09-22 13:43:20.445497,2026-09-23 13:12:21.824321
25,19,prabhas,prabhas,prabhas@gmail.com,7745435353,,,Raw Materials,Raw Materials,Approved,0.0,4.0,24.0,Low,,,,Self-registered vendor under 'Raw Materials'. Awaiting Admin verification.,,,,2026-09-23 13:08:06.859241,2026-10-04 05:24:07.085418
26,34,FastSupply Logistics Rep,FastSupply Logistics Corp 1790514839081,fastsupply_1790514839081@globalfreight.com,+1 800-555-1234,"100 Cargo Way, Newark, NJ",https://fastsupplylogistics.com,Freight & Warehousing,Logistics & Transportation,Approved,0.0,4.0,24.0,Low,,,,Self-registered vendor with verified login credentials.,,,,2026-09-27 13:13:59.162414,2026-10-04 05:24:07.091400
27,35,Precision Tech Components,Precision Tech Components Ltd 1790514839081,precision_1790514839081@techparts.io,+1 888-555-4321,,,Bearings & Pumps,Machinery & Spare Parts,Pending,0.0,4.5,12.0,Low,,,,,,,,2026-09-27 13:13:59.209181,2026-10-04 05:24:07.097158
28,36,Direct Quantum Supplier,Direct Quantum Corp 1790514839081,directvendor_1790514839081@quantum.com,+1 800-777-9999,,,Laptops & Microelectronics,IT & Electronics,Approved,0.0,4.0,24.0,Low,,,,Directly registered vendor account with login credentials.,,,,2026-09-27 13:13:59.258845,2026-10-04 05:24:07.104497
29,37,FastSupply Logistics Rep,FastSupply Logistics Corp 1790515174809,fastsupply_1790515174809@globalfreight.com,+1 800-555-1234,"100 Cargo Way, Newark, NJ",https://fastsupplylogistics.com,Freight & Warehousing,Logistics & Transportation,Approved,0.0,4.0,24.0,Low,,,,Self-registered vendor with verified login credentials.,,,,2026-09-27 13:19:34.892204,2026-10-04 05:24:07.110522
30,38,Precision Tech Components,Precision Tech Components Ltd 1790515174809,precision_1790515174809@techparts.io,+1 888-555-4321,,,Bearings & Pumps,Machinery & Spare Parts,Pending,0.0,4.5,12.0,Low,,,,,,,,2026-09-27 13:19:34.945505,2026-10-04 05:24:07.117422
31,39,Direct Quantum Supplier,Direct Quantum Corp 1790515174809,directvendor_1790515174809@quantum.com,+1 800-777-9999,,,Laptops & Microelectronics,IT & Electronics,Approved,0.0,4.0,24.0,Low,,,,Directly registered vendor account with login credentials.,,,,2026-09-27 13:19:34.999397,2026-10-04 05:24:07.124003
32,40,Portal Vendor Rep,Portal Vendor Rep,portal_vendor_1790515174809@logistics-link.com,+1 800-444-5555,,,Logistics & Transportation,Logistics & Transportation,Pending,0.0,4.0,24.0,Low,,,,Self-registered vendor under 'Logistics & Transportation'. Awaiting Admin verification.,,,,2026-09-27 13:19:35.040502,2026-10-04 05:24:07.129843
33,41,FastSupply Logistics Rep,FastSupply Logistics Corp 1790515329479,fastsupply_1790515329479@globalfreight.com,+1 800-555-1234,"100 Cargo Way, Newark, NJ",https://fastsupplylogistics.com,Freight & Warehousing,Logistics & Transportation,Approved,0.0,4.0,24.0,Low,,,,Self-registered vendor with verified login credentials.,,,,2026-09-27 13:22:09.565389,2026-10-04 05:24:07.137128
34,42,Precision Tech Components,Precision Tech Components Ltd 1790515329479,precision_1790515329479@techparts.io,+1 888-555-4321,,,Bearings & Pumps,Machinery & Spare Parts,Pending,0.0,4.5,12.0,Low,,,,,,,,2026-09-27 13:22:09.619655,2026-10-04 05:24:07.143425
35,43,Direct Quantum Supplier,Direct Quantum Corp 1790515329479,directvendor_1790515329479@quantum.com,+1 800-777-9999,,,Laptops & Microelectronics,IT & Electronics,Approved,0.0,4.0,24.0,Low,,,,Directly registered vendor account with login credentials.,,,,2026-09-27 13:22:09.676377,2026-10-04 05:24:07.150310
36,44,Portal Vendor Rep,Portal Vendor Rep,portal_vendor_1790515329479@logistics-link.com,+1 800-444-5555,,,Logistics & Transportation,Logistics & Transportation,Pending,0.0,4.0,24.0,Low,,,,Self-registered vendor under 'Logistics & Transportation'. Awaiting Admin verification.,,,,2026-09-27 13:22:09.715154,2026-10-04 05:24:07.158113
37,45,FastSupply Logistics Rep,FastSupply Logistics Corp 1790515718162,fastsupply_1790515718162@globalfreight.com,+1 800-555-1234,"100 Cargo Way, Newark, NJ",https://fastsupplylogistics.com,Freight & Warehousing,Logistics & Transportation,Approved,0.0,4.0,24.0,Low,,,,Self-registered vendor with verified login credentials.,,,,2026-09-27 13:28:38.245667,2026-10-04 05:24:07.163862
38,46,Precision Tech Components,Precision Tech Components Ltd 1790515718162,precision_1790515718162@techparts.io,+1 888-555-4321,,,Bearings & Pumps,Machinery & Spare Parts,Pending,0.0,4.5,12.0,Low,,,,,,,,2026-09-27 13:28:38.299946,2026-10-04 05:24:07.171325
39,47,Direct Quantum Supplier,Direct Quantum Corp 1790515718162,directvendor_1790515718162@quantum.com,+1 800-777-9999,,,Laptops & Microelectronics,IT & Electronics,Approved,0.0,4.0,24.0,Low,,,,Directly registered vendor account with login credentials.,,,,2026-09-27 13:28:38.354321,2026-10-04 05:24:07.176846
40,48,Portal Vendor Rep,Portal Vendor Rep,portal_vendor_1790515718162@logistics-link.com,+1 800-444-5555,,,Logistics & Transportation,Logistics & Transportation,Pending,0.0,4.0,24.0,Low,,,,Self-registered vendor under 'Logistics & Transportation'. Awaiting Admin verification.,,,,2026-09-27 13:28:38.393080,2026-10-04 05:24:07.182926
41,49,FastSupply Logistics Rep,FastSupply Logistics Corp 1790516173324,fastsupply_1790516173324@globalfreight.com,+1 800-555-1234,"100 Cargo Way, Newark, NJ",https://fastsupplylogistics.com,Freight & Warehousing,Logistics & Transportation,Approved,0.0,4.0,24.0,Low,,,,Self-registered vendor with verified login credentials.,,,,2026-09-27 13:36:13.411197,2026-10-04 05:24:07.188978
42,50,Precision Tech Components,Precision Tech Components Ltd 1790516173324,precision_1790516173324@techparts.io,+1 888-555-4321,,,Bearings & Pumps,Machinery & Spare Parts,Pending,0.0,4.5,12.0,Low,,,,,,,,2026-09-27 13:36:13.465798,2026-10-04 05:24:07.194551
43,51,Direct Quantum Supplier,Direct Quantum Corp 1790516173324,directvendor_1790516173324@quantum.com,+1 800-777-9999,,,Laptops & Microelectronics,IT & Electronics,Approved,0.0,4.0,24.0,Low,,,,Directly registered vendor account with login credentials.,,,,2026-09-27 13:36:13.522852,2026-10-04 05:24:07.201415
44,52,Portal Vendor Rep,Portal Vendor Rep,portal_vendor_1790516173324@logistics-link.com,+1 800-444-5555,,,Logistics & Transportation,Logistics & Transportation,Pending,0.0,4.0,24.0,Low,,,,Self-registered vendor under 'Logistics & Transportation'. Awaiting Admin verification.,,,,2026-09-27 13:36:13.564110,2026-10-04 05:24:07.207102
45,53,FastSupply Logistics Rep,FastSupply Logistics Corp 1790517026317,fastsupply_1790517026317@globalfreight.com,+1 800-555-1234,"100 Cargo Way, Newark, NJ",https://fastsupplylogistics.com,Freight & Warehousing,Logistics & Transportation,Approved,0.0,4.0,24.0,Low,,,,Self-registered vendor with verified login credentials.,,,,2026-09-27 13:50:26.406857,2026-10-04 05:24:07.212438
46,54,Precision Tech Components,Precision Tech Components Ltd 1790517026317,precision_1790517026317@techparts.io,+1 888-555-4321,,,Bearings & Pumps,Machinery & Spare Parts,Pending,0.0,4.5,12.0,Low,,,,,,,,2026-09-27 13:50:26.456827,2026-10-04 05:24:07.218519
47,55,Direct Quantum Supplier,Direct Quantum Corp 1790517026317,directvendor_1790517026317@quantum.com,+1 800-777-9999,,,Laptops & Microelectronics,IT & Electronics,Approved,0.0,4.0,24.0,Low,,,,Directly registered vendor account with login credentials.,,,,2026-09-27 13:50:26.509269,2026-10-04 05:24:07.224386
48,56,Portal Vendor Rep,Portal Vendor Rep,portal_vendor_1790517026317@logistics-link.com,+1 800-444-5555,,,Logistics & Transportation,Logistics & Transportation,Pending,0.0,4.0,24.0,Low,,,,Self-registered vendor under 'Logistics & Transportation'. Awaiting Admin verification.,,,,2026-09-27 13:50:26.547152,2026-10-04 05:24:07.229849
49,57,Ajay,Ajay,ajay@gmail.com,557778999,,,Machinery & Spare Parts,Machinery & Spare Parts,Pending,0.0,4.0,24.0,Low,,,,Self-registered vendor under 'Machinery & Spare Parts'. Awaiting Admin verification.,,,,2026-09-28 12:25:19.250517,2026-10-04 05:24:07.236002
50,58,abhi,abhi,abhi@gmail.com,5788556677,,,Machinery & Spare Parts,Machinery & Spare Parts,Pending,0.0,4.0,24.0,Low,,,,Self-registered vendor under 'Machinery & Spare Parts'. Awaiting Admin verification.,,,,2026-09-28 12:32:16.611607,2026-10-04 05:24:07.241495
51,26,Acme Industrial Supplies,Acme Structural Corp,sales@acme-industrial.com,+1 800-555-0101,"1200 Industrial Blvd, Chicago, IL",https://acme-industrial.com,"Steel, Fasteners, Structural Metals",Raw Materials,Approved,0.0,4.8,24.0,Low,US-DE-8829104,TAX-US-36-8819201,,Certified structural steel provider.,,,,2026-09-29 11:39:38.272829,2026-10-04 05:24:07.246902
52,28,Titan Heavy Machining,Titan Heavy Engineering Ltd,orders@titanmachining.com,+91 20 2712 9900,"MIDC Bhosari Industrial Estate, Pune",https://titanmachining.com,"Motors, Pumps, Bearings, Machine Components",Machinery & Spare Parts,Approved,0.0,3.4,24.0,Low,CIN-U29100PN2013PLC084920,27AAACT3310G1Z6,,Frequent delivery lead-time slippages and partial consignments.,,,,2026-09-29 11:39:38.279855,2026-10-04 05:24:07.253714
53,59,Advanced Optics Rep,Advanced Optics Rep,optics_1790873711@quantum-sensors.com,+1 (555) 902-1823,,,Office Supplies & Equipment,Office Supplies & Equipment,Pending,0.0,4.0,24.0,Low,,,,Self-registered vendor under 'Office Supplies & Equipment'. Awaiting Admin verification.,,,,2026-10-01 16:55:11.075830,2026-10-04 05:24:07.259226
54,60,Advanced Optics Rep,Advanced Optics Rep,optics_1790873901@quantum-sensors.com,+1 (555) 902-1823,,,Office Supplies & Equipment,Office Supplies & Equipment,Approved,0.0,4.0,24.0,Low,,,,Self-registered vendor under 'Office Supplies & Equipment'. Awaiting Admin verification.,,,,2026-10-01 16:58:21.775158,2026-10-04 05:24:07.265782
55,61,Advanced Optics Rep,Advanced Optics Rep,optics_1790874014@quantum-sensors.com,+1 (555) 902-1823,,,Office Supplies & Equipment,Office Supplies & Equipment,Approved,0.0,4.0,24.0,Low,,,,Self-registered vendor under 'Office Supplies & Equipment'. Awaiting Admin verification.,,,,2026-10-01 17:00:14.784657,2026-10-04 05:24:07.271784
56,66,FastSupply Logistics Rep,FastSupply Logistics Corp 1790874281189,fastsupply_1790874281189@globalfreight.com,+1 800-555-1234,"100 Cargo Way, Newark, NJ",https://fastsupplylogistics.com,Freight & Warehousing,Logistics & Transportation,Pending,0.0,4.0,24.0,Low,,,,Self-registered vendor profile. Awaiting Administrator verification and approval.,,,,2026-10-01 17:04:41.287653,2026-10-04 05:24:07.277213
57,67,FastSupply Logistics Rep,FastSupply Logistics Corp 1790874364589,fastsupply_1790874364589@globalfreight.com,+1 800-555-1234,"100 Cargo Way, Newark, NJ",https://fastsupplylogistics.com,Freight & Warehousing,Logistics & Transportation,Active,0.0,4.0,24.0,Low,,,,Self-registered vendor profile. Awaiting Administrator verification and approval.,,,,2026-10-01 17:06:04.689860,2026-10-04 05:24:07.284322
58,68,Precision Tech Components,Precision Tech Components Ltd 1790874364589,precision_1790874364589@techparts.io,+1 888-555-4321,,,Bearings & Pumps,Machinery & Spare Parts,Pending,0.0,4.5,12.0,Low,,,,,,,,2026-10-01 17:06:04.746492,2026-10-04 05:24:07.289965
59,69,Direct Quantum Supplier,Direct Quantum Corp 1790874364589,directvendor_1790874364589@quantum.com,+1 800-777-9999,,,Laptops & Microelectronics,IT & Electronics,Pending,0.0,4.0,24.0,Low,,,,Self-registered vendor profile. Awaiting Administrator verification and approval.,,,,2026-10-01 17:06:04.805551,2026-10-04 05:24:07.296359
60,70,FastSupply Logistics Rep,FastSupply Logistics Corp 1790874408148,fastsupply_1790874408148@globalfreight.com,+1 800-555-1234,"100 Cargo Way, Newark, NJ",https://fastsupplylogistics.com,Freight & Warehousing,Logistics & Transportation,Active,0.0,4.0,24.0,Low,,,,Self-registered vendor profile. Awaiting Administrator verification and approval.,,,,2026-10-01 17:06:48.238864,2026-10-04 05:24:07.303928
61,71,Precision Tech Components,Precision Tech Components Ltd 1790874408148,precision_1790874408148@techparts.io,+1 888-555-4321,,,Bearings & Pumps,Machinery & Spare Parts,Pending,0.0,4.5,12.0,Low,,,,,,,,2026-10-01 17:06:48.294606,2026-10-04 05:24:07.309905
62,72,Direct Quantum Supplier,Direct Quantum Corp 1790874408148,directvendor_1790874408148@quantum.com,+1 800-777-9999,,,Laptops & Microelectronics,IT & Electronics,Active,0.0,4.0,24.0,Low,,,,Self-registered vendor profile. Awaiting Administrator verification and approval.,,,,2026-10-01 17:06:48.355528,2026-10-04 05:24:07.315974
63,73,Portal Vendor Rep,Portal Vendor Rep,portal_vendor_1790874408148@logistics-link.com,+1 800-444-5555,,,Logistics & Transportation,Logistics & Transportation,Pending,0.0,4.0,24.0,Low,,,,Self-registered vendor under 'Logistics & Transportation'. Awaiting Admin verification.,,,,2026-10-01 17:06:48.395402,2026-10-04 05:24:07.321923
64,74,FastSupply Logistics Rep,FastSupply Logistics Corp 1790874432445,fastsupply_1790874432445@globalfreight.com,+1 800-555-1234,"100 Cargo Way, Newark, NJ",https://fastsupplylogistics.com,Freight & Warehousing,Logistics & Transportation,Active,0.0,4.0,24.0,Low,,,,Self-registered vendor profile. Awaiting Administrator verification and approval.,,,,2026-10-01 17:07:12.541532,2026-10-04 05:24:07.327865
65,75,Precision Tech Components,Precision Tech Components Ltd 1790874432445,precision_1790874432445@techparts.io,+1 888-555-4321,,,Bearings & Pumps,Machinery & Spare Parts,Pending,0.0,4.5,12.0,Low,,,,,,,,2026-10-01 17:07:12.595191,2026-10-04 05:24:07.334202
66,76,Direct Quantum Supplier,Direct Quantum Corp 1790874432445,directvendor_1790874432445@quantum.com,+1 800-777-9999,,,Laptops & Microelectronics,IT & Electronics,Active,0.0,4.0,24.0,Low,,,,Self-registered vendor profile. Awaiting Administrator verification and approval.,,,,2026-10-01 17:07:12.655122,2026-10-04 05:24:07.340159
67,77,Portal Vendor Rep,Portal Vendor Rep,portal_vendor_1790874432445@logistics-link.com,+1 800-444-5555,,,Logistics & Transportation,Logistics & Transportation,Approved,0.0,4.0,24.0,Low,,,,Self-registered vendor under 'Logistics & Transportation'. Awaiting Admin verification.,,,,2026-10-01 17:07:12.704150,2026-10-04 05:24:07.345773
68,78,murali,murali,murali@gmail.com,887776655,,,Office Supplies & Equipment,Office Supplies & Equipment,Pending,0.0,4.0,24.0,Low,,,,Self-registered vendor under 'Office Supplies & Equipment'. Awaiting Admin verification.,,,,2026-10-01 17:13:57.046230,2026-10-04 05:24:07.352142
69,79,Advanced Optics Rep,Advanced Optics Rep,optics_1790877752@quantum-sensors.com,+1 (555) 902-1823,,,Office Supplies & Equipment,Office Supplies & Equipment,Approved,0.0,4.0,24.0,Low,,,,Self-registered vendor under 'Office Supplies & Equipment'. Awaiting Admin verification.,,,,2026-10-01 18:02:32.180017,2026-10-04 05:24:07.357974
